Modulo,Domanda,Opzione,Risposta Corretta
M3 - UD1,I Sistemi di Gestione Standardizzati,Sono modelli organizzativi aziendali adottati su base volontaria,VERO
M3 - UD1,I Sistemi di Gestione Standardizzati,Sono modelli organizzativi aziendali obbligatori in certi ambiti,FALSO
M3 - UD1,I Sistemi di Gestione Standardizzati,Sono applicati maggiormente nelle aree critiche e sensibili dell’organizzazione,VERO
M3 - UD1,I Sistemi di Gestione Standardizzati,Sono realizzati mediante l'applicazione organica e sistematica di regole e procedure per raggiungere uno specifico obiettivo,VERO
M3 - UD1,I Sistemi di Gestione Standardizzati,Hanno sempre regole e procedure definite secondo uno standard creato dall’azienda stessa,FALSO
M3 - UD1,I Sistemi di Gestione Standardizzati,Riguardano tutti i livelli dell’organizzazione,VERO
M3 - UD1,Il percorso che porta alla certificazione di un'azienda o un'organizzazione,Prevede una prima fase (di solito) consulenziale di progettazione e implementazione del Sistema di Gestione,VERO
M3 - UD1,Il percorso che porta alla certificazione di un'azienda o un'organizzazione,Può prevedere una fase iniziale di assessment dell'azienda per capire meglio il contesto dell'organizzazione,VERO
M3 - UD1,Il percorso che porta alla certificazione di un'azienda o un'organizzazione,"Prevede una fase di realizzazione di politiche, procedure, manuali, istruzioni e moduli di registrazioni conformi alle norme dello schema di riferimento",VERO
M3 - UD1,Il percorso che porta alla certificazione di un'azienda o un'organizzazione,Una volta progettato il Sistema di Gestione questo può essere certificato mediante un Audit interno,FALSO
M3 - UD1,Il percorso che porta alla certificazione di un'azienda o un'organizzazione,Il percorso di Certificazione termina con l'Audit dell'Ente di Certificazione,FALSO
M3 - UD1,Il percorso che porta alla certificazione di un'azienda o un'organizzazione,Il percorso di Certificazione prevede revisioni annuali,VERO
M3 - UD1,Il percorso di Certificazione Aziendale,È composto di una prima fase (di solito) consulenziale di progettazione e implementazione del Sistema di Gestione,VERO
M3 - UD1,Il percorso di Certificazione Aziendale,"È composto di una prima fase in cui si realizzano manuali, procedure, istruzioni e moduli di registrazioni conformi alle norme dello schema di riferimento",VERO
M3 - UD1,Il percorso di Certificazione Aziendale,"Prevede un audit, ovvero una valutazione indipendente di un ente terzo di certificazione volta a ottenere le evidenze della soddisfazione dei criteri prefissati",VERO
M3 - UD1,Il percorso di Certificazione Aziendale,"Prevede un audit, ovvero una valutazione interna o da parte di terzi, volta a ottenere le evidenze della soddisfazione dei criteri prefissati",FALSO
M3 - UD1,Il percorso di Certificazione Aziendale,È composto di una seconda fase di richiesta della certificazione del Sistema di Gestione dopo l’esito positivo della valutazione interna,FALSO
M3 - UD1,Il percorso di Certificazione Aziendale,È composto di una seconda fase in cui si effettua la pianificazione dell’audit e del conseguimento del certificato a seguito del completamento positivo dell’audit da parte dell’ente di certificazione,VERO
M3 - UD1,Il S.O.C.,È il Security Organization Center,FALSO
M3 - UD1,Il S.O.C.,È il Security Operations Center,VERO
M3 - UD1,Il S.O.C.,È un centro da cui vengono forniti servizi finalizzati alla sicurezza dei sistemi informativi dell'azienda stessa,VERO
M3 - UD1,Il S.O.C.,È un centro da cui possono essere forniti servizi di sicurezza per l'organizzazione in generale,VERO
M3 - UD1,Il S.O.C.,Può avere anche funzioni di CERT e CSIRT,VERO
M3 - UD1,Il S.O.C.,Può essere solo interno all’organizzazione,FALSO
M3 - UD1,L’Action Workflow,È un tipo di modellizzazione basata sulle attività,FALSO
M3 - UD1,L’Action Workflow,È un tipo di modellizzazione basata sull’interazione o la negoziazione,VERO
M3 - UD1,L’Action Workflow,È un tipo di modellizzazione basata sui dati,FALSO
M3 - UD1,L’Action Workflow,È particolarmente adatto a rappresentare processi in cui gli elementi di decisione sono particolarmente importanti,VERO
M3 - UD1,L’Action Workflow,Mette al centro del modello le condizioni di soddisfazione (o di accordo) tra un cliente e un operatore/realizzatore,VERO
M3 - UD1,L’Action Workflow,Mette al centro del modello le informazioni sulla sequenza delle attività da realizzare,FALSO
M3 - UD1,L’Evento di Sicurezza Informatica,Può essere considerato come qualsiasi situazione che si verifichi nell’ambito di un determinato asset informatico la cui rilevanza è considerata significativa ai fini della salvaguardia dell’infrastruttura informatica,FALSO
M3 - UD1,L’Evento di Sicurezza Informatica,Può essere considerata qualsiasi situazione che sottintenda una violazione delle politiche di sicurezza IT fonte di danno per gli asset IT e per il quale si renda necessaria l’applicazione di misure di analisi e di contrasto e/o contenimento,FALSO
M3 - UD1,L’Evento di Sicurezza Informatica,"Può essere considerato come qualsiasi situazione che si verifichi nell’ambito di un determinato asset informatico la cui rilevanza è considerata significativa ai fini delle attività di gestione, controllo della sicurezza e contenimento dei rischi ad essa correlati",VERO
M3 - UD1,L’Evento di Sicurezza Informatica,Può essere a basso impatto (non significativo): qualsiasi evento gestito in maniera silente dal sistema di sicurezza e che non richiede uno specifico trattamento,VERO
M3 - UD1,L’Evento di Sicurezza Informatica,"Può essere a impatto significativo: qualsiasi evento rilevato nell’ambito dei sistemi e delle infrastrutture IT, che non necessita di essere ulteriormente analizzato",FALSO
M3 - UD1,L’Evento di Sicurezza Informatica,"Può essere a impatto di tipo critico: qualsiasi evento significativo che, a seguito delle analisi effettuate, potrebbe sottintendere, direttamente o indirettamente, una violazione delle politiche di sicurezza dell’azienda",VERO
M3 - UD1,L’Incident Response Plan (Piano di risposta agli incidenti),Permette di rispondere ad un attacco esterno mediante misure controffensive verso l’attaccante,FALSO
M3 - UD1,L’Incident Response Plan (Piano di risposta agli incidenti),Permette di rispondere all’esigenza di individuare incidenti o attacchi e mitigarne il danno,VERO
M3 - UD1,L’Incident Response Plan (Piano di risposta agli incidenti),Esegue anche la post analysis che consente di delineare la reale portata dell’incidente,VERO
M3 - UD1,L’Incident Response Plan (Piano di risposta agli incidenti),È un insieme di procedure documentate che descrivono in dettaglio i passaggi da intraprendere in ciascuna fase della risposta agli incidenti,VERO
M3 - UD1,L’Incident Response Plan (Piano di risposta agli incidenti),Se ben strutturato e documentato può non essere aggiornato frequentemente,FALSO
M3 - UD1,L’Incident Response Plan (Piano di risposta agli incidenti),"Dovrebbe includere linee guida per ruoli e responsabilità, piani di comunicazione e processi di risposta standardizzati",VERO
M3 - UD1,L’Incidente Informatico,Può essere considerato qualsiasi evento o insieme di eventi che sottintendono una violazione delle politiche di sicurezza IT fonte di danno per gli asset IT ovvero per il patrimonio informativo dell’organizzazione e per il quale si rende necessaria l’applicazione di misure di analisi e di contrasto e/o contenimento,VERO
M3 - UD1,L’Incidente Informatico,"Può essere considerato qualsiasi evento che si verifichi nell’ambito di un determinato asset informatico, comunque rilevato, la cui rilevanza è considerata significativa ai fini delle attività di gestione, controllo della sicurezza e contenimento dei rischi ad essa correlati",FALSO
M3 - UD1,L’Incidente Informatico,"Può essere, ad esempio, l’accesso (logico) non autorizzato agli asset IT",VERO
M3 - UD1,L’Incidente Informatico,"Può essere, ad esempio, la diffusione non autorizzata di informazioni riservate provenienti dagli asset IT",VERO
M3 - UD1,L’Incidente Informatico,"Può essere, ad esempio, il tentativo di accesso (logico) ai server centrali",FALSO
M3 - UD1,L’Incidente Informatico,"Può essere ad esempio, la constatazione di illeciti o azioni criminose apportate con l’ausilio delle risorse IT",VERO
M3 - UD1,La certificazione aziendale ad uno standard ISO,È la dichiarazione di un ente indipendente o accreditato che il prodotto fornito o le politiche messe in atto dall'azienda sono conformi ad una certa normativa o standard di riferimento,VERO
M3 - UD1,La certificazione aziendale ad uno standard ISO,È la dichiarazione di un ente indipendente o accreditato che si formalizza attraverso l’emissione di un certificato con validità illimitata,FALSO
M3 - UD1,La certificazione aziendale ad uno standard ISO,È la dichiarazione di un ente terzo che il prodotto fornito o le politiche messe in atto dall'azienda sono conformi ad una certa normativa o standard di riferimento,VERO
M3 - UD1,La certificazione aziendale ad uno standard ISO,"Se di sistema, permette di stabilire un meccanismo continuo di verifica della conformità ad uno standard ed il miglioramento continuo di un sistema di gestione",VERO
M3 - UD1,La certificazione aziendale ad uno standard ISO,"Se di sistema, permette di stabilire un meccanismo di verifica puntuale della conformità ad uno standard ma senza la verifica periodica del sistema di gestione",FALSO
M3 - UD1,La certificazione aziendale ad uno standard ISO,"Può essere uno strumento per rispondere alle richieste sempre più pressanti del mercato per differenziarsi dai competitors ed entrare in nuovi mercati, mai esplorati prima",VERO
M3 - UD1,La Standardizzazione,Si può definire come un’attività che dà origine a soluzioni codificate e ripetibili a problemi in varie discipline,VERO
M3 - UD1,La Standardizzazione,Di solito non è orientata ad un ritorno economico e di immagine,FALSO
M3 - UD1,La Standardizzazione,"L’attività, in generale, costituisce il processo di definizione (determinazione, formulazione e rilascio) e di implementazione degli standard",VERO
M3 - UD1,La Standardizzazione,"Può essere il risultato di un’attività di razionalizzazione e può riguardare tutte le attività aziendali, a partire da quelle più critiche",VERO
M3 - UD1,La Standardizzazione,"Può essere applicata, con notevoli vantaggi, nell’area della sostenibilità ambientale",VERO
M3 - UD1,La Standardizzazione,"Di solito, per problematiche di complessità e costi, tendenzialmente non si applica nell’ambito della qualità",FALSO
M3 - UD1,Le Procedure Operative Standard (SOP),"Definiscono i compiti e i ruoli necessari per ottenere un risultato, nel tentativo di eliminare la dipendenza dalle singole professionalità in grado di completare specifiche attività",VERO
M3 - UD1,Le Procedure Operative Standard (SOP),"Sono un insieme di documenti che offrono istruzioni esatte su come i dipendenti, i membri di un team o altri utenti in un’organizzazione o azienda devono completare un processo specifico",VERO
M3 - UD1,Le Procedure Operative Standard (SOP),Permettono la soddisfazione dei requisiti di progetto per la definizione dei nuovi investimenti,FALSO
M3 - UD1,Le Procedure Operative Standard (SOP),Permettono la definizione delle buone pratiche (good practice) applicabili a una serie di azioni esplicite e dettagliate,VERO
M3 - UD1,Le Procedure Operative Standard (SOP),Permettono la definizione degli obiettivi strategici attraverso l’analisi dell’operatività,FALSO
M3 - UD1,Le Procedure Operative Standard (SOP),Permettono l’assegnazione dei ruoli responsabili dell’esecuzione di ogni passaggio (ad esempio) di una lavorazione,VERO
M3 - UD1,Lo Standard Internazionale,ISO 45001 è relativo alla sicurezza del lavoro,VERO
M3 - UD1,Lo Standard Internazionale,ISO 31000 è relativo alla gestione del rischio,VERO
M3 - UD1,Lo Standard Internazionale,ISO 14001 è relativo all’ambiente ovvero sui sistemi di gestione ambientale,VERO
M3 - UD1,Lo Standard Internazionale,ISO 26000 è relativo alla qualità,FALSO
M3 - UD1,Lo Standard Internazionale,ISO 9001 è relativo alla qualità,VERO
M3 - UD1,Lo Standard Internazionale,ISA/IEC 62443 è relativo alla sicurezza delle informazioni,FALSO
M3 - UD1,Nella Business Transaction rappresentata utilizzando il modello WIDE qui sotto:,Una volta entrati per il punto A i task Cancellazione Albergo e Cancellazione Volo vengono eseguiti contemporaneamente,VERO
M3 - UD1,Nella Business Transaction rappresentata utilizzando il modello WIDE qui sotto:,Una volta Entrati per il punto A i task Cancellazione Albergo e Cancellazione Volo vengono eseguiti uno successivo all’altro (terminato Cancellazione Albergo viene eseguito Cancellazione Volo),FALSO
M3 - UD1,Nella Business Transaction rappresentata utilizzando il modello WIDE qui sotto:,Si giunge al punto B solo dopo che entrambi i task Cancellazione Albergo e Cancellazione Volo sono stati eseguiti completamente,VERO
M3 - UD1,Nella Business Transaction rappresentata utilizzando il modello WIDE qui sotto:,Si giunge al punto B solo se i task Cancellazione Albergo e Cancellazione Volo si concludono contemporaneamente,FALSO
M3 - UD1,Nella Business Transaction rappresentata utilizzando il modello WIDE qui sotto:,Il punto B può anche non essere mai raggiunto,FALSO
M3 - UD1,Nella Business Transaction rappresentata utilizzando il modello WIDE qui sotto:,Si giunge al punto B solo dopo che almeno uno tra i task Cancellazione Albergo e Cancellazione Volo è stato eseguito completamente,FALSO
M3 - UD1,Perché è necessario modellizzare i processi aziendali?,Per fornire una descrizione di una sequenza di attività comprensibile ad un osservatore esterno al processo,VERO
M3 - UD1,Perché è necessario modellizzare i processi aziendali?,Perché la legislazione lo richiede obbligatoriamente,FALSO
M3 - UD1,Perché è necessario modellizzare i processi aziendali?,Per usare un modello grafico standardizzato con l’obiettivo di presentare un documento in un formato facilmente comprensibile ad organizzazioni differenti,VERO
M3 - UD1,Perché è necessario modellizzare i processi aziendali?,Per descrivere cosa attualmente succede durante un processo,VERO
M3 - UD1,Perché è necessario modellizzare i processi aziendali?,Per descrivere anche cosa si desidererebbe far succedere durante un processo in futuro,VERO
M3 - UD1,Perché è necessario modellizzare i processi aziendali?,Per creare la base e i presupposti all’analisi per l’innovazione di processo,VERO
M3 - UD1,Perché le SOP (Standard Operating Procedure) sono importanti?,Aiutano l’organizzazione a soddisfare gli standard di conformità,VERO
M3 - UD1,Perché le SOP (Standard Operating Procedure) sono importanti?,Supportano ma non garantiscono che le attività aziendali non abbiano impatti ambientali negativi,FALSO
M3 - UD1,Perché le SOP (Standard Operating Procedure) sono importanti?,Semplificano e massimizzano la produzione/output,VERO
M3 - UD1,Perché le SOP (Standard Operating Procedure) sono importanti?,Stabiliscono degli standard di sicurezza (fisica e logica),VERO
M3 - UD1,Perché le SOP (Standard Operating Procedure) sono importanti?,Supportano la formazione e la crescita professionale del personale,VERO
M3 - UD1,Perché le SOP (Standard Operating Procedure) sono importanti?,Garantiscono sempre risultati coerenti,FALSO
M3 - UD1,Quali dei seguenti processi sono Processi Primari (processi che hanno risvolti verso l’esterno),Vendite e Marketing,VERO
M3 - UD1,Quali dei seguenti processi sono Processi Primari (processi che hanno risvolti verso l’esterno),Organizzazione delle risorse umane,FALSO
M3 - UD1,Quali dei seguenti processi sono Processi Primari (processi che hanno risvolti verso l’esterno),"Qualità, miglioramento dei processi e gestione dei cambiamenti",VERO
M3 - UD1,Quali dei seguenti processi sono Processi Primari (processi che hanno risvolti verso l’esterno),"Attività infrastrutturali (tutte le funzioni, generalmente classificate come “costi fissi”)",FALSO
M3 - UD1,Quali dei seguenti processi sono Processi Primari (processi che hanno risvolti verso l’esterno),Supply Chain,VERO
M3 - UD1,Quali dei seguenti processi sono Processi Primari (processi che hanno risvolti verso l’esterno),Gestione infrastruttura tecnologica,VERO
M3 - UD1,Quali dei seguenti sono i principali processi di Cyber Security (indicare Vero),Monitoraggio degli Incidenti Informatici,VERO
M3 - UD1,Quali dei seguenti sono i principali processi di Cyber Security (indicare Vero),Gestione delle performance di rete,FALSO
M3 - UD1,Quali dei seguenti sono i principali processi di Cyber Security (indicare Vero),Gestione degli incidenti informatici,VERO
M3 - UD1,Quali dei seguenti sono i principali processi di Cyber Security (indicare Vero),Gestione delle vulnerabilità,VERO
M3 - UD1,Quali dei seguenti sono i principali processi di Cyber Security (indicare Vero),Gestione delle obsolescenze,VERO
M3 - UD1,Quali dei seguenti sono i principali processi di Cyber Security (indicare Vero),Gestione delle risorse,FALSO
M3 - UD1,Quali dei seguenti sono Processi di Cyber Security,Il monitoraggio degli Incidenti Informatici,VERO
M3 - UD1,Quali dei seguenti sono Processi di Cyber Security,La gestione degli incidenti informatici,VERO
M3 - UD1,Quali dei seguenti sono Processi di Cyber Security,La gestione delle patch di sistema,FALSO
M3 - UD1,Quali dei seguenti sono Processi di Cyber Security,la gestione delle vulnerabilità,VERO
M3 - UD1,Quali dei seguenti sono Processi di Cyber Security,La gestione delle obsolescenze,VERO
M3 - UD1,Quali dei seguenti sono Processi di Cyber Security,La disponibilità delle risorse,FALSO
M3 - UD1,Quali delle seguenti fasi possono costituire l’Incident Response Plan (Piano di risposta agli incidenti):,Una fase di rilevamento dell’incidente (Detect),VERO
M3 - UD1,Quali delle seguenti fasi possono costituire l’Incident Response Plan (Piano di risposta agli incidenti):,La Riproduzione dell’incidente rilevato (Response),FALSO
M3 - UD1,Quali delle seguenti fasi possono costituire l’Incident Response Plan (Piano di risposta agli incidenti):,La Mitigazione degli effetti dell’incidente (Mitigation),VERO
M3 - UD1,Quali delle seguenti fasi possono costituire l’Incident Response Plan (Piano di risposta agli incidenti):,La Registrazione dell’evento (Reporting),VERO
M3 - UD1,Quali delle seguenti fasi possono costituire l’Incident Response Plan (Piano di risposta agli incidenti):,Il ripristino del sistema colpito (Recovery),VERO
M3 - UD1,Quali delle seguenti fasi possono costituire l’Incident Response Plan (Piano di risposta agli incidenti):,L’investigazione relativamente al problema che ha portato all’incidente (Remediation),FALSO
M3 - UD1,Quali sono le fasi del processo di monitoraggio e gestione degli incidenti informatici?,"Una fase di Preparazione Iniziale e poi un ciclo composto da due fasi consecutive, Contenimento-Eradicazione-Ripristino e Rilevamento-Analisi ed in ultimo una fase di Analisi Post-Incidente",FALSO
M3 - UD1,Quali sono le fasi del processo di monitoraggio e gestione degli incidenti informatici?,Una fase di Preparazione Iniziale e poi una fase ciclica composta da due parti: Rilevamento-Analisi e Contenimento-Eradicazione-Ripristino ed in ultimo una fase di Analisi Post-Incidente,VERO
M3 - UD1,Quali sono le fasi del processo di monitoraggio e gestione degli incidenti informatici?,"Un ciclo composto da due fasi, Rilevamento-Analisi e Contenimento-Eradicazione-ripristino e una fase di Analisi Post-Incidente",FALSO
M3 - UD1,Quali sono le fasi del processo di monitoraggio e gestione degli incidenti informatici?,"Una fase di Preparazione Iniziale, una fase di Rilevamento-Analisi, una fase di Contenimento-Eradicazione-Ripristino ed in ultimo una fase di Analisi Post-Incidente",FALSO
M3 - UD1,Quali sono le fasi del processo di monitoraggio e gestione degli incidenti informatici?,"Una fase prima dell’incidente, una fase durante l’incidente e una fase dopo l’incidente",VERO
M3 - UD1,Quali sono le fasi del processo di monitoraggio e gestione degli incidenti informatici?,Una fase di Rilevamento dell’Incidente e di Verifica dei danni dopo l’incidente,FALSO
M3 - UD1,Quali sono le possibili cause di un Incidente Informatico,Vulnerabilità informatiche,VERO
M3 - UD1,Quali sono le possibili cause di un Incidente Informatico,Massivo utilizzo di tecnologie cloud,FALSO
M3 - UD1,Quali sono le possibili cause di un Incidente Informatico,Debolezze umane,VERO
M3 - UD1,Quali sono le possibili cause di un Incidente Informatico,Obsolescenza,VERO
M3 - UD1,Quali sono le possibili cause di un Incidente Informatico,Mancanza degli aggiornamenti di sicurezza,VERO
M3 - UD1,Quali sono le possibili cause di un Incidente Informatico,Utilizzo di software di terze parti,FALSO
M3 - UD1,Quali sono le principali tipologie di Modellizzazione dei Processi,Basate sui dati,VERO
M3 - UD1,Quali sono le principali tipologie di Modellizzazione dei Processi,Basate sulle attività,VERO
M3 - UD1,Quali sono le principali tipologie di Modellizzazione dei Processi,Basata sulle informazioni,FALSO
M3 - UD1,Quali sono le principali tipologie di Modellizzazione dei Processi,Basata sulle transizioni,FALSO
M3 - UD1,Quali sono le principali tipologie di Modellizzazione dei Processi,Basata sui messaggi,FALSO
M3 - UD1,Quali sono le principali tipologie di Modellizzazione dei Processi,Basata sulla comunicazione,VERO
M3 - UD2,Aree di Controllo secondo ISO 27001 2013,"Acquisizione, sviluppo e manutenzione degli apparati di sicurezza.",FALSO
M3 - UD2,Aree di Controllo secondo ISO 27001 2013,Gestione degli Asset aziendali.,VERO
M3 - UD2,Aree di Controllo secondo ISO 27001 2013,Sicurezza delle attività operative.,VERO
M3 - UD2,Aree di Controllo secondo ISO 27001 2013,Gestione dei sistemi informativi.,FALSO
M3 - UD2,Aree di Controllo secondo ISO 27001 2013,Aspetti di sicurezza per la gestione della Business Continuity.,VERO
M3 - UD2,Aree di Controllo secondo ISO 27001 2013,Gestione degli incidenti relativi alla sicurezza delle informazioni.,VERO
M3 - UD2,Ciascun elemento di un SCMS secondo l’ISA/IEC 62443 ha,Un Obiettivo per Identificare chiaramente gli obiettivi dei requisiti dell’elemento.,VERO
M3 - UD2,Ciascun elemento di un SCMS secondo l’ISA/IEC 62443 ha,Un Fondamento Logico che fornisce una guida per chiarire la logica dei requisiti dell’elemento.,VERO
M3 - UD2,Ciascun elemento di un SCMS secondo l’ISA/IEC 62443 ha,Una Descrizione estesa dell’elemento e dei requisiti che sono contenuti.,VERO
M3 - UD2,Ciascun elemento di un SCMS secondo l’ISA/IEC 62443 ha,Un link a documenti associati.,FALSO
M3 - UD2,Ciascun elemento di un SCMS secondo l’ISA/IEC 62443 ha,Associato una lista di requisiti.,VERO
M3 - UD2,Ciascun elemento di un SCMS secondo l’ISA/IEC 62443 ha,Associato un solo requisito specifico.,FALSO
M3 - UD2,Come si può migliorare il livello di sicurezza di un Conduit secondo ISO/IEC 62443,Migliorando l'Access Control: restringendo l'accesso al Conduit in base al ruolo dell'utente e i suoi relativi privilegi,VERO
M3 - UD2,Come si può migliorare il livello di sicurezza di un Conduit secondo ISO/IEC 62443,Introducendo la criptazione dei messaggi,VERO
M3 - UD2,Come si può migliorare il livello di sicurezza di un Conduit secondo ISO/IEC 62443,Introducendo un sistema IDS/IPS (Intrusion Detection and Prevention System),VERO
M3 - UD2,Come si può migliorare il livello di sicurezza di un Conduit secondo ISO/IEC 62443,Tracciando e monitorando costantemente la comunicazione nel Conduit,VERO
M3 - UD2,Come si può migliorare il livello di sicurezza di un Conduit secondo ISO/IEC 62443,Facendo attraversare al Conduit più di una Zona,FALSO
M3 - UD2,Come si può migliorare il livello di sicurezza di un Conduit secondo ISO/IEC 62443,Riducendo il numero di regole del Firewall,FALSO
M3 - UD2,Come sono organizzati i Controlli ISO/IEC 27001:2022?,Raggruppati in 14 aree di controllo,FALSO
M3 - UD2,Come sono organizzati i Controlli ISO/IEC 27001:2022?,Raggruppati in 4 gruppi di Controlli,VERO
M3 - UD2,Come sono organizzati i Controlli ISO/IEC 27001:2022?,"Raggruppati in gruppi di Controllo di tipo: Organizzativo, per le Persone, Fisici e Tecnologici",VERO
M3 - UD2,Come sono organizzati i Controlli ISO/IEC 27001:2022?,Raggruppati in gruppi di Controllo associati a 5 attributi per una migliore gestione da punti diversi di osservazione,VERO
M3 - UD2,Come sono organizzati i Controlli ISO/IEC 27001:2022?,Raggruppati solo per Attributi,FALSO
M3 - UD2,Come sono organizzati i Controlli ISO/IEC 27001:2022?,Non sono stati più raggruppati ma sono un elenco unico,FALSO
M3 - UD2,Gli Attributi associati ai Gruppi di Controlli nella revisione ISO 27001 del 2022,"Possono essere utilizzati per filtrare, ordinare e presentare i controlli",VERO
M3 - UD2,Gli Attributi associati ai Gruppi di Controlli nella revisione ISO 27001 del 2022,"Permettono di etichettare i controlli in base al tipo di controllo (Preventivo, Investigativo e Correttivo)",VERO
M3 - UD2,Gli Attributi associati ai Gruppi di Controlli nella revisione ISO 27001 del 2022,"Permettono di etichettare i controlli in base alle Information Security Properties (Riservatezza, Integrità e Disponibilità)",VERO
M3 - UD2,Gli Attributi associati ai Gruppi di Controlli nella revisione ISO 27001 del 2022,Permettono di etichettare i controlli in base alla Criticità (da 1 a 100),FALSO
M3 - UD2,Gli Attributi associati ai Gruppi di Controlli nella revisione ISO 27001 del 2022,"Permettono di etichettare i controlli in base ai Domini di Sicurezza (Governance & Ecosystem, Protection, Defence, Resilience)",VERO
M3 - UD2,Gli Attributi associati ai Gruppi di Controlli nella revisione ISO 27001 del 2022,Permettono di etichettare i controlli in base ai Concetti NIST CSF (Identify…),VERO
M3 - UD2,Gli Elementi di un CSMS (Cybersecurity Management System) secondo IEC 62443 sono:,Sono insiemi di requisiti di Cybersicurezza che possono essere raggruppati in macro categorie e in gruppi,VERO
M3 - UD2,Gli Elementi di un CSMS (Cybersecurity Management System) secondo IEC 62443 sono:,Sono insiemi di requisiti di Cybersicurezza raggruppati solamente in macro categorie,FALSO
M3 - UD2,Gli Elementi di un CSMS (Cybersecurity Management System) secondo IEC 62443 sono:,"Vengono esplicitati mediante gli obiettivi, la descrizione e il fondamento logico",VERO
M3 - UD2,Gli Elementi di un CSMS (Cybersecurity Management System) secondo IEC 62443 sono:,Riguardano solamente gli aspetti tecnologici,FALSO
M3 - UD2,Gli Elementi di un CSMS (Cybersecurity Management System) secondo IEC 62443 sono:,Rappresentano una soluzione unica e universale non personalizzabile,FALSO
M3 - UD2,Gli Elementi di un CSMS (Cybersecurity Management System) secondo IEC 62443 sono:,In Annex A di ISA 62443-2-1 è contenuta una linea guida di come si possono utilizzare.,VERO
M3 - UD2,Gli IACS secondo l’IEC 62443?,Sono gli Industrial Automation and Control Systems ovvero i sistemi di controllo e di automazione industriali,VERO
M3 - UD2,Gli IACS secondo l’IEC 62443?,Possono essere gli SCADA (Supervisory Control and Data Acquisition) ovvero i sistemi di supervisione e acquisizione dati,VERO
M3 - UD2,Gli IACS secondo l’IEC 62443?,Possono essere le telecamere del sistema perimetrale di sicurezza,FALSO
M3 - UD2,Gli IACS secondo l’IEC 62443?,Possono essere i PLC (Programmable Logic Controller) ovvero i sistemi di controllo a logica programmabile,VERO
M3 - UD2,Gli IACS secondo l’IEC 62443?,Possono essere i DCS (Distributed control system) ovvero i sistemi di Controllo Distribuito di processo,VERO
M3 - UD2,Gli IACS secondo l’IEC 62443?,Possono essere gli strumenti di analisi della produzione presenti nella rete office,FALSO
M3 - UD2,I conduits secondo ISA/IEC 62443,Consentono la comunicazione controllata e sicura tra due zone,VERO
M3 - UD2,I conduits secondo ISA/IEC 62443,Non possono essere usati per fare comunicare più zone fra di loro,FALSO
M3 - UD2,I conduits secondo ISA/IEC 62443,Forniscono funzioni di sicurezza che permettono la coesistenza di zone con diversi livelli di sicurezza,VERO
M3 - UD2,I conduits secondo ISA/IEC 62443,"Consistono nel raggruppamento di cyber asset, dedicati solamente alla comunicazione, e che condividono gli stessi requisiti di cybersecurity",VERO
M3 - UD2,I conduits secondo ISA/IEC 62443,Possono avere sotto-conduits,FALSO
M3 - UD2,I conduits secondo ISA/IEC 62443,Possono essere realizzati con l’ausilio di tecnologie per il controllo del traffico e di anomaly detection,VERO
M3 - UD2,I conduits secondo ISA/IEC 62443 (Variante A),Raggruppano gli elementi che consentono la comunicazione peer to peer tra due zone.,FALSO
M3 - UD2,I conduits secondo ISA/IEC 62443 (Variante A),Raggruppano gli elementi che consentono la comunicazione tra due zone.,VERO
M3 - UD2,I conduits secondo ISA/IEC 62443 (Variante A),Non possono essere usati per fare comunicare due o più zone fra di loro.,FALSO
M3 - UD2,I conduits secondo ISA/IEC 62443 (Variante A),Forniscono funzioni di sicurezza che consentono una comunicazione sicura e permettono la coesistenza di zone con livelli (o diversi livelli di sicurezza) differenti.,VERO
M3 - UD2,I conduits secondo ISA/IEC 62443 (Variante A),"Consistono nel raggruppamento di cyber asset dedicati esclusivamente alle comunicazioni, e che condividono gli stessi requisiti di cybersecurity.",VERO
M3 - UD2,I conduits secondo ISA/IEC 62443 (Variante A),Possono avere sotto-conduits.,FALSO
M3 - UD2,I conduits secondo ISA/IEC 62443 (Variante B),Raggruppano gli elementi che consentono la comunicazione peer to peer tra due zone.,FALSO
M3 - UD2,I conduits secondo ISA/IEC 62443 (Variante B),Raggruppano gli elementi che consentono la comunicazione tra due zone.,VERO
M3 - UD2,I conduits secondo ISA/IEC 62443 (Variante B),Non possono essere usati per fare comunicare due o più zone fra di loro.,FALSO
M3 - UD2,I conduits secondo ISA/IEC 62443 (Variante B),Forniscono funzioni di sicurezza che consentono una comunicazione sicura e permettono la coesistenza di zone con livelli (o diversi livelli di sicurezza) differenti.,VERO
M3 - UD2,I conduits secondo ISA/IEC 62443 (Variante B),"Consistono nel raggruppamento di cyber asset dedicati esclusivamente alle comunicazioni, e che condividono gli stessi requisiti di cybersecurity.",VERO
M3 - UD2,I conduits secondo ISA/IEC 62443 (Variante B),Possono attraversare più di una zona.,FALSO
M3 - UD2,I controlli ISO 27001 nella Rev. 2022 sono raccolti nei seguenti gruppi:,Le persone,VERO
M3 - UD2,I controlli ISO 27001 nella Rev. 2022 sono raccolti nei seguenti gruppi:,I fornitori,FALSO
M3 - UD2,I controlli ISO 27001 nella Rev. 2022 sono raccolti nei seguenti gruppi:,Gli oggetti fisici,VERO
M3 - UD2,I controlli ISO 27001 nella Rev. 2022 sono raccolti nei seguenti gruppi:,La tecnologia,VERO
M3 - UD2,I controlli ISO 27001 nella Rev. 2022 sono raccolti nei seguenti gruppi:,Gli aspetti organizzativi,VERO
M3 - UD2,I controlli ISO 27001 nella Rev. 2022 sono raccolti nei seguenti gruppi:,La Supply Chain,FALSO
M3 - UD2,I Controlli ISO/IEC 27001 (Allegato A),Sono le appropriate contromisure selezionate dalle organizzazioni per affrontare i rischi per la cyber security identificati.,VERO
M3 - UD2,I Controlli ISO/IEC 27001 (Allegato A),"Come indicato nel documento ISO/IEC 27002 associato all'Annex A di ISO 27001, sono strutturati secondo uno schema a 3 livelli.",VERO
M3 - UD2,I Controlli ISO/IEC 27001 (Allegato A),"Come indicato nel documento ISO/IEC 27002 associato all'Annex A di ISO 27001, sono strutturati secondo uno schema a 2 livelli.",FALSO
M3 - UD2,I Controlli ISO/IEC 27001 (Allegato A),Sono 114 secondo l'edizione ISO/IEC 27001/2 2013.,VERO
M3 - UD2,I Controlli ISO/IEC 27001 (Allegato A),Sono 116 secondo l'edizione ISO/IEC 27001/2 2016.,FALSO
M3 - UD2,I Controlli ISO/IEC 27001 (Allegato A),Sono 93 secondo l'edizione ISO/IEC 27001/2 2022.,VERO
M3 - UD2,I Controlli secondo ISO/IEC 27001,Sono le appropriate contromisure selezionate per affrontare i rischi per la cyber security,VERO
M3 - UD2,I Controlli secondo ISO/IEC 27001,Sono pratiche da attuare per annullare completamente i rischi di cyber sicurezza,FALSO
M3 - UD2,I Controlli secondo ISO/IEC 27001,Sono strutturati secondo uno schema a tre livelli (edizione 2013),VERO
M3 - UD2,I Controlli secondo ISO/IEC 27001,Sono strutturati secondo uno schema a quattro livelli (edizione 2013),FALSO
M3 - UD2,I Controlli secondo ISO/IEC 27001,Sono riuniti in quattro gruppi di controlli (edizione 2022),VERO
M3 - UD2,I Controlli secondo ISO/IEC 27001,Di solito non si modificano nelle varie revisioni dello standard,FALSO
M3 - UD2,I Documenti NIST Special Publications sono raggruppati nelle serie,SP 800 Computer security,VERO
M3 - UD2,I Documenti NIST Special Publications sono raggruppati nelle serie,SP 1800 Cybersecurity Practice Guides,VERO
M3 - UD2,I Documenti NIST Special Publications sono raggruppati nelle serie,SP 1700 Cybersecurity Development Guides,FALSO
M3 - UD2,I Documenti NIST Special Publications sono raggruppati nelle serie,SP 500 Information technology (relevant documents),VERO
M3 - UD2,I Documenti NIST Special Publications sono raggruppati nelle serie,SP 300 Information technology (relevant documents),FALSO
M3 - UD2,I Documenti NIST Special Publications sono raggruppati nelle serie,SP 600 Computer system management,FALSO
M3 - UD2,I Foundational Requirements (Requisiti Fondazionali) di IEC 62443,Sono requisiti sviluppati specificatamente per una completa comprensione dei requisiti degli IACS,VERO
M3 - UD2,I Foundational Requirements (Requisiti Fondazionali) di IEC 62443,Sono complessivamente sette,VERO
M3 - UD2,I Foundational Requirements (Requisiti Fondazionali) di IEC 62443,Sono complessivamente otto,FALSO
M3 - UD2,I Foundational Requirements (Requisiti Fondazionali) di IEC 62443,Sono i requisiti base da cui si sviluppano i requisiti di sistema e di componente (SR e CR) al crescere dei livelli di sicurezza,VERO
M3 - UD2,I Foundational Requirements (Requisiti Fondazionali) di IEC 62443,Sono uno strumento fondamentale per realizzare assessment di sicurezza per gli IACS,VERO
M3 - UD2,I Foundational Requirements (Requisiti Fondazionali) di IEC 62443,Sostituiscono completamente i requisiti del modello CIA (Confientiality Integrity e Availability),FALSO
M3 - UD2,I Foundational Requirements secondo ISA/IEC 62443,"Sono stati definiti dal momento che il classico modello CIA (Confidentiality, Integrity e Availability) non si adatta (o non assicura una completa comprensione) interamente ai requisiti richiesti per gli IACS (Industrial Automation and Control Systems).",VERO
M3 - UD2,I Foundational Requirements secondo ISA/IEC 62443,"Sono stati definiti dal momento che il classico modello CIA (Confidentiality, Integrity e Availability) non assicura una completa comprensione dei requisiti per gli apparati di rete.",VERO
M3 - UD2,I Foundational Requirements secondo ISA/IEC 62443,Sono sette requisiti di base.,VERO
M3 - UD2,I Foundational Requirements secondo ISA/IEC 62443,Sono quattordici requisiti di base.,FALSO
M3 - UD2,I Foundational Requirements secondo ISA/IEC 62443,Sono otto requisiti di base.,FALSO
M3 - UD2,I Foundational Requirements secondo ISA/IEC 62443,Focalizzano gli aspetti di cyber sicurezza in relazione al funzionamento degli IACS.,VERO
M3 - UD2,I Framework Profile del NIST CSF,Possono essere visti come una fotografia dello stato corrente di implementazione del Framework Core all'interno dell'organizzazione,VERO
M3 - UD2,I Framework Profile del NIST CSF,"Possono essere utilizzati per definire un percorso a ""tappe"" (ogni tappa un determinato profilo) per raggiungere determinati obiettivi di sicurezza",VERO
M3 - UD2,I Framework Profile del NIST CSF,Racchiudono al loro interno obiettivi organizzativi in relazione al business,VERO
M3 - UD2,I Framework Profile del NIST CSF,Racchiudono la propensione al rischio dell'organizzazione in relazione alle minacce ambientali,VERO
M3 - UD2,I Framework Profile del NIST CSF,Riguardano unicamente le buone pratiche che l'organizzazione intende implementare,FALSO
M3 - UD2,I Framework Profile del NIST CSF,Identificano solamente lo stato corrente e non permettono di implementare percorsi di miglioramento,FALSO
M3 - UD2,I Livelli di Sicurezza secondo ISA/IEC 62443-1-1,"Sono tre: 1= Basso, 2=Medio e 3=Alto.",VERO
M3 - UD2,I Livelli di Sicurezza secondo ISA/IEC 62443-1-1,Rappresentano un metodo qualitativo per identificare la sicurezza in ciascuna zona.,VERO
M3 - UD2,I Livelli di Sicurezza secondo ISA/IEC 62443-1-1,"Sono tre: Target, Achieved e Capability.",FALSO
M3 - UD2,I Livelli di Sicurezza secondo ISA/IEC 62443-1-1,Hanno tre tipologie di Livelli per la gestione continua.,VERO
M3 - UD2,I Livelli di Sicurezza secondo ISA/IEC 62443-1-1,Valgono per le zone ma possono essere applicati anche a componenti e sistemi anche se con un numero di livelli maggiore.,VERO
M3 - UD2,I Livelli di Sicurezza secondo ISA/IEC 62443-1-1,Valgono solamente per le zone e non per componenti e sistemi.,FALSO
M3 - UD2,I Livelli di Sicurezza secondo ISA/IEC 62443-3-3,"Sono quattro: da SL1= Protezione contro violazioni casuali a SL4=Protezione contro violazioni con mezzi sofisticati, risorse estese, skill specifici e alta motivazione.",VERO
M3 - UD2,I Livelli di Sicurezza secondo ISA/IEC 62443-3-3,Rappresentano un metodo qualitativo per identificare la sicurezza in ciascuna zona.,FALSO
M3 - UD2,I Livelli di Sicurezza secondo ISA/IEC 62443-3-3,"Sono tre: da SL1 = Protezione contro violazioni casuali a SL3 Protezione contro violazioni con mezzi sofisticati, risorse estese, skill specifici e alta motivazione",FALSO
M3 - UD2,I Livelli di Sicurezza secondo ISA/IEC 62443-3-3,Per la corretta definizione dei requisiti di sicurezza vengono declinati per ciascuno dei requisiti derivati dai requisiti di base o fondazionali.,VERO
M3 - UD2,I Livelli di Sicurezza secondo ISA/IEC 62443-3-3,Possono avere i requisiti di base più un certo numero di requisiti di rinforzo (Requirement Enhancement – RE).,VERO
M3 - UD2,I Livelli di Sicurezza secondo ISA/IEC 62443-3-3,"Hanno quattro tipologie di Livelli per la gestione continua: SL (Target), SL (Achieved), SL (Capability) e SL (Overflow).",FALSO
M3 - UD2,I Maturity Level secondo ISA/IEC 62443-4-1,Sono 4 livelli di maturità dei fornitori di componenti (prodotti) da un livello “Iniziale” (1) ad un livello quantitativamente gestito o di “Miglioramento” (4).,VERO
M3 - UD2,I Maturity Level secondo ISA/IEC 62443-4-1,Sono 3 livelli di maturità dei fornitori di componenti (prodotti) da un livello “Iniziale” (1) ad un livello quantitativamente gestito o di “Miglioramento” (3).,FALSO
M3 - UD2,I Maturity Level secondo ISA/IEC 62443-4-1,Sono 4 livelli di maturità dei fornitori di sistemi da un livello “Iniziale” (1) ad un livello quantitativamente gestito o di “Miglioramento” (4).,FALSO
M3 - UD2,I Maturity Level secondo ISA/IEC 62443-4-1,"Identificano i processi di sviluppo del prodotto in termini di documentazione, ripetibilità e controllo dei processi, skill del personale.",VERO
M3 - UD2,I Maturity Level secondo ISA/IEC 62443-4-1,"Identificano i processi di sviluppo del prodotto e dei sistemi in termini di documentazione, ripetibilità e controllo dei processi, skill del personale.",FALSO
M3 - UD2,I Maturity Level secondo ISA/IEC 62443-4-1,Hanno livelli intermedi di tipo; “Gestito” con processi codificati e ripetibili e “Definito” in cui ci sono anche evidenze che i processi siano praticati.,VERO
M3 - UD2,I nuovi controlli di ISO 27001 Rev. 2022 sono specializzati per:,Una maggior sicurezza nella gestione dei servizi Cloud,VERO
M3 - UD2,I nuovi controlli di ISO 27001 Rev. 2022 sono specializzati per:,Una migliore preparazione dell'ICT in relazione alle problematiche di Business Continuity,VERO
M3 - UD2,I nuovi controlli di ISO 27001 Rev. 2022 sono specializzati per:,Per privilegiare l'utilizzo di software di prodotto solo da determinati fornitori,FALSO
M3 - UD2,I nuovi controlli di ISO 27001 Rev. 2022 sono specializzati per:,Migliore protezione dei dati anche in relazione del loro trattamento in funzione del GDPR,VERO
M3 - UD2,I nuovi controlli di ISO 27001 Rev. 2022 sono specializzati per:,Il miglioramento dell'Internet Browsing attraverso l'uso del filtraggio dei siti,VERO
M3 - UD2,I nuovi controlli di ISO 27001 Rev. 2022 sono specializzati per:,Lo sviluppo sicuro del codice software,VERO
M3 - UD2,I quattro Gruppi di Controlli ISO 27001:2022 sono,A.5 Organizational,VERO
M3 - UD2,I quattro Gruppi di Controlli ISO 27001:2022 sono,A.6 People,VERO
M3 - UD2,I quattro Gruppi di Controlli ISO 27001:2022 sono,A.5 Operational,FALSO
M3 - UD2,I quattro Gruppi di Controlli ISO 27001:2022 sono,A.7 Physical,VERO
M3 - UD2,I quattro Gruppi di Controlli ISO 27001:2022 sono,A.8 Vocabulary,FALSO
M3 - UD2,I quattro Gruppi di Controlli ISO 27001:2022 sono,A.8 Technological,VERO
M3 - UD2,I Requisiti di Sicurezza (SR) secondo ISO/IEC 62443-3-3,Sono requisiti di sistema,VERO
M3 - UD2,I Requisiti di Sicurezza (SR) secondo ISO/IEC 62443-3-3,Sono requisiti di gestione,FALSO
M3 - UD2,I Requisiti di Sicurezza (SR) secondo ISO/IEC 62443-3-3,Sono definiti e raggruppati per ciascuno dei sette Fondational Requirements,VERO
M3 - UD2,I Requisiti di Sicurezza (SR) secondo ISO/IEC 62443-3-3,Sono associati a quattro livelli di sicurezza (SL) crescenti (da SL1 a SL4),VERO
M3 - UD2,I Requisiti di Sicurezza (SR) secondo ISO/IEC 62443-3-3,Possono avere un certo numero di requisiti di rinforzo RE (Requirement Enhancement),VERO
M3 - UD2,I Requisiti di Sicurezza (SR) secondo ISO/IEC 62443-3-3,Sono esattamente equivalenti ai Component Requirements (CR) del ISA/IEC 62443 4-2,FALSO
M3 - UD2,I requisiti di un ISMS secondo ISO/IEC 27001,"Sono necessari per stabilire, attuare, mantenere e migliorare, in modo continuo, un sistema di gestione per la sicurezza delle informazioni nel contesto di un’organizzazione",VERO
M3 - UD2,I requisiti di un ISMS secondo ISO/IEC 27001,Includono i criteri per la valutazione e il trattamento dei rischi relativi alla sicurezza delle informazioni adattati alla necessità dell’organizzazione,VERO
M3 - UD2,I requisiti di un ISMS secondo ISO/IEC 27001,Sono indipendenti dai controlli (ovvero le contromisure) presenti nell'Allegato A dello stesso documento,FALSO
M3 - UD2,I requisiti di un ISMS secondo ISO/IEC 27001,Sono necessari per certificare la conformità di un sistema informativo a questo standard,VERO
M3 - UD2,I requisiti di un ISMS secondo ISO/IEC 27001,Utilizzano il risk management come base per decidere azioni e quali contromisure (controlli) mettere in atto,VERO
M3 - UD2,I requisiti di un ISMS secondo ISO/IEC 27001,Possono essere utilizzati per decidere le strategie per gestire la sicurezza delle informazioni in base a criteri deterministici,FALSO
M3 - UD2,I Riferimenti Informativi nel Framework Core del NIST CSF,"Sono esaustivi, ovvero rappresentano regole precise da applicare.",FALSO
M3 - UD2,I Riferimenti Informativi nel Framework Core del NIST CSF,Sono collegamenti a fonti esterne che forniscono ulteriori dettagli e orientamenti su come implementare le attività di sicurezza descritte nelle sottocategorie.,VERO
M3 - UD2,I Riferimenti Informativi nel Framework Core del NIST CSF,Possono fare riferimento ad altri standard internazionali.,VERO
M3 - UD2,I Riferimenti Informativi nel Framework Core del NIST CSF,Sono solo illustrativi.,VERO
M3 - UD2,I Riferimenti Informativi nel Framework Core del NIST CSF,Sono obbligatori.,FALSO
M3 - UD2,I Riferimenti Informativi nel Framework Core del NIST CSF,Forniscono un ponte tra le sottocategorie del framework e le pratiche di sicurezza specifiche del settore o della regolamentazione.,VERO
M3 - UD2,Il ciclo PDCA,È il ciclo Plan Do Check Act detto anche ciclo di Deming o ciclo di Shewhart.,VERO
M3 - UD2,Il ciclo PDCA,È il ciclo Process Do Control Alert detto anche ciclo di Deming o ciclo di Shewhart.,FALSO
M3 - UD2,Il ciclo PDCA,È un approccio al miglioramento continuo dei processi aziendali.,VERO
M3 - UD2,Il ciclo PDCA,È esplicitamente indicato in ambito ISO 27000 per rappresentare il meccanismo ciclico di monitoraggio e miglioramento del sistema di gestione.,VERO
M3 - UD2,Il ciclo PDCA,È esplicitamente indicato in ambito ISO 27000 per monitorare i cicli di manutenzione programmata dei sistemi.,FALSO
M3 - UD2,Il ciclo PDCA,Non è esplicitamente indicato in ambito ISO 27000 ma tutto lo standard è ispirato ad esso.,FALSO
M3 - UD2,"Il controllo ISO/IEC 27001: 2022 ""ICT readiness for business continuity"" ovvero la capacità dell'ICT di reagire a situazioni impreviste per garantire la continuità operativa",E' un controllo di tipo Correttivo,VERO
M3 - UD2,"Il controllo ISO/IEC 27001: 2022 ""ICT readiness for business continuity"" ovvero la capacità dell'ICT di reagire a situazioni impreviste per garantire la continuità operativa",E' un controllo di tipo Investigativo,FALSO
M3 - UD2,"Il controllo ISO/IEC 27001: 2022 ""ICT readiness for business continuity"" ovvero la capacità dell'ICT di reagire a situazioni impreviste per garantire la continuità operativa",Migliora la disponibilità,VERO
M3 - UD2,"Il controllo ISO/IEC 27001: 2022 ""ICT readiness for business continuity"" ovvero la capacità dell'ICT di reagire a situazioni impreviste per garantire la continuità operativa",Migliora l'integrità dei dati e delle informazioni,FALSO
M3 - UD2,"Il controllo ISO/IEC 27001: 2022 ""ICT readiness for business continuity"" ovvero la capacità dell'ICT di reagire a situazioni impreviste per garantire la continuità operativa",E' nel dominio di sicurezza della Resilienza,VERO
M3 - UD2,"Il controllo ISO/IEC 27001: 2022 ""ICT readiness for business continuity"" ovvero la capacità dell'ICT di reagire a situazioni impreviste per garantire la continuità operativa",Prevede che le funzionalità dell'ICT siano mantenute e testate sulla base degli obiettivi di continuità operativa dell'azienda.,VERO
M3 - UD2,"Il controllo ISO/IEC 27001: 2022 ""Information security during disruption"" ovvero che l'organizzazione deve mantenere la sicurezza delle informazioni a un livello appropriato durante un'interruzione",E' un controllo solo Preventivo,FALSO
M3 - UD2,"Il controllo ISO/IEC 27001: 2022 ""Information security during disruption"" ovvero che l'organizzazione deve mantenere la sicurezza delle informazioni a un livello appropriato durante un'interruzione",E' un controllo di tipo Investigativo,FALSO
M3 - UD2,"Il controllo ISO/IEC 27001: 2022 ""Information security during disruption"" ovvero che l'organizzazione deve mantenere la sicurezza delle informazioni a un livello appropriato durante un'interruzione",E' un controllo sia Preventivo che Correttivo,VERO
M3 - UD2,"Il controllo ISO/IEC 27001: 2022 ""Information security during disruption"" ovvero che l'organizzazione deve mantenere la sicurezza delle informazioni a un livello appropriato durante un'interruzione","Migliora Riservatezza, Integrità e Disponibilità",VERO
M3 - UD2,"Il controllo ISO/IEC 27001: 2022 ""Information security during disruption"" ovvero che l'organizzazione deve mantenere la sicurezza delle informazioni a un livello appropriato durante un'interruzione",Migliora solo la Disponibilità,FALSO
M3 - UD2,"Il controllo ISO/IEC 27001: 2022 ""Information security during disruption"" ovvero che l'organizzazione deve mantenere la sicurezza delle informazioni a un livello appropriato durante un'interruzione",Migliora l'Integrità e la Riservatezza,FALSO
M3 - UD2,"Il controllo ISO/IEC 27001: 2022 ""Information security for use of cloud services"" ovvero che i processi relativi ai servizi cloud devono essere conformi con i requisiti di sicurezza delle informazioni dell'organizzazione",E' un controllo solo Preventivo,VERO
M3 - UD2,"Il controllo ISO/IEC 27001: 2022 ""Information security for use of cloud services"" ovvero che i processi relativi ai servizi cloud devono essere conformi con i requisiti di sicurezza delle informazioni dell'organizzazione",E' un controllo di tipo Investigativo,FALSO
M3 - UD2,"Il controllo ISO/IEC 27001: 2022 ""Information security for use of cloud services"" ovvero che i processi relativi ai servizi cloud devono essere conformi con i requisiti di sicurezza delle informazioni dell'organizzazione",E' un controllo sia Preventivo che Correttivo,FALSO
M3 - UD2,"Il controllo ISO/IEC 27001: 2022 ""Information security for use of cloud services"" ovvero che i processi relativi ai servizi cloud devono essere conformi con i requisiti di sicurezza delle informazioni dell'organizzazione","Migliora Riservatezza, Integrità e Disponibilità",VERO
M3 - UD2,"Il controllo ISO/IEC 27001: 2022 ""Information security for use of cloud services"" ovvero che i processi relativi ai servizi cloud devono essere conformi con i requisiti di sicurezza delle informazioni dell'organizzazione",Migliora solo la Disponibilità,FALSO
M3 - UD2,"Il controllo ISO/IEC 27001: 2022 ""Information security for use of cloud services"" ovvero che i processi relativi ai servizi cloud devono essere conformi con i requisiti di sicurezza delle informazioni dell'organizzazione",Migliora l'Integrità e la Riservatezza,FALSO
M3 - UD2,"Il controllo ISO/IEC 27001: 2022 ""Threat intelligence"" ovvero la capacità di raccogliere e analizzare le informazioni relative alle minacce alla sicurezza delle informazioni.",E' un controllo di tipo Preventivo,VERO
M3 - UD2,"Il controllo ISO/IEC 27001: 2022 ""Threat intelligence"" ovvero la capacità di raccogliere e analizzare le informazioni relative alle minacce alla sicurezza delle informazioni.",E' un controllo di tipo Correttivo,VERO
M3 - UD2,"Il controllo ISO/IEC 27001: 2022 ""Threat intelligence"" ovvero la capacità di raccogliere e analizzare le informazioni relative alle minacce alla sicurezza delle informazioni.",E' un controllo di tipo Investigativo,VERO
M3 - UD2,"Il controllo ISO/IEC 27001: 2022 ""Threat intelligence"" ovvero la capacità di raccogliere e analizzare le informazioni relative alle minacce alla sicurezza delle informazioni.",Migliora solo la riservatezza,FALSO
M3 - UD2,"Il controllo ISO/IEC 27001: 2022 ""Threat intelligence"" ovvero la capacità di raccogliere e analizzare le informazioni relative alle minacce alla sicurezza delle informazioni.",Migliora la disponibilità,VERO
M3 - UD2,"Il controllo ISO/IEC 27001: 2022 ""Threat intelligence"" ovvero la capacità di raccogliere e analizzare le informazioni relative alle minacce alla sicurezza delle informazioni.",Migliora l'Integrità,VERO
M3 - UD2,Il DCS (Distributed Control System),E' un sistema integrato di HMI (Human Machine Interface) e PLC (sistema di controllo programmabile),VERO
M3 - UD2,Il DCS (Distributed Control System),E' una tecnologia utilizzata principalmente in impianti di processo (ad esempio Chimico e Oil&Gas),VERO
M3 - UD2,Il DCS (Distributed Control System),E' una tecnologia utilizzata principalmente in impianti manufatturieri discreti (ad esempio Meccanico ed Elettronico),FALSO
M3 - UD2,Il DCS (Distributed Control System),Ha tra le sue caratteristiche la semplicità di configurazione complessiva dei sistemi integrati HMI e PLC,VERO
M3 - UD2,Il DCS (Distributed Control System),E' una tecnologia di gran lunga più utilizzata della tecnologia SCADA-PLC,FALSO
M3 - UD2,Il DCS (Distributed Control System),Esistono un numero molto ristretto di costruttori ed i prezzi dei sistemi sono molto elevati,VERO
M3 - UD2,Il Documento ISA/IEC 62443-2-1,"Appartiene alla famiglia ""Gestione"" dello Standard IEC62443",VERO
M3 - UD2,Il Documento ISA/IEC 62443-2-1,"Appartiene alla famiglia ""Modelli"" dello Standard IEC62443",FALSO
M3 - UD2,Il Documento ISA/IEC 62443-2-1,Contiene il requisiti di sicurezza relativi agli IACS per i responsabili degli Asset,VERO
M3 - UD2,Il Documento ISA/IEC 62443-2-1,Contiene i Concetti e i Modelli applicati in tutto lo standard,FALSO
M3 - UD2,Il Documento ISA/IEC 62443-2-1,Contiene i criteri per la valutazione del grado di protezione della sicurezza,FALSO
M3 - UD2,Il Documento ISA/IEC 62443-2-1,È nell'area Verde della normativa,VERO
M3 - UD2,Il Documento ISA/IEC 62443-4-2,E' relativo ai requisiti tecnici per i componenti IACS,VERO
M3 - UD2,Il Documento ISA/IEC 62443-4-2,Contiene l'elenco dei System Requirement (SR),FALSO
M3 - UD2,Il Documento ISA/IEC 62443-4-2,Contiene l'elenco dei Component Requirement (CR),VERO
M3 - UD2,Il Documento ISA/IEC 62443-4-2,Insieme alla norma ISA/IEC 62443-4-1 appartiene al Cluster Rosso,VERO
M3 - UD2,Il Documento ISA/IEC 62443-4-2,Insieme alla norma ISA/IEC 62443-4-1 appartiene al Cluster Giallo,FALSO
M3 - UD2,Il Documento ISA/IEC 62443-4-2,"E' relativo ai Componenti ovvero: Dispositivi embedded, componenti di rete, componenti host e applicazioni software",VERO
M3 - UD2,Il documento NIST Special Publication SP 800-53 Rev. 5,"Fornisce un catalogo integrativo di controlli di sicurezza e privacy per i sistemi informativi per proteggere le operazioni e le risorse organizzative, gli individui, e le aziende dai rischi.",VERO
M3 - UD2,Il documento NIST Special Publication SP 800-53 Rev. 5,Ha un numero di controlli molto maggiore rispetto a ISO/IEC 27001:2022,VERO
M3 - UD2,Il documento NIST Special Publication SP 800-53 Rev. 5,"Identifica i controlli come tecnologici ""s"", organizzativi ""o"" o la combinazione dei due ""o/s""",VERO
M3 - UD2,Il documento NIST Special Publication SP 800-53 Rev. 5,Permette la certificazione da parte di enti accreditati internazionalmente,FALSO
M3 - UD2,Il documento NIST Special Publication SP 800-53 Rev. 5,"Si intitola ""Security and Privacy Controls for Information Systems and Organizations""",VERO
M3 - UD2,Il documento NIST Special Publication SP 800-53 Rev. 5,"Si intitola ""Security and Privacy Controls for Information Systems, Organizations and People""",FALSO
M3 - UD2,Il documento NIST Special Publication SP 800-82 Rev. 2,Fornisce una guida su come proteggere i sistemi di controllo industriale (ICS),VERO
M3 - UD2,Il documento NIST Special Publication SP 800-82 Rev. 2,Fornisce un catalogo integrativo di controlli di sicurezza e privacy per i sistemi informativi e le organizzazioni,FALSO
M3 - UD2,Il documento NIST Special Publication SP 800-82 Rev. 2,"Fa parte della serie 800, pubblicazioni speciali relative alla computer security",VERO
M3 - UD2,Il documento NIST Special Publication SP 800-82 Rev. 2,"Fa parte della serie 800, pubblicazioni speciali che propongono guide pratiche e usabili di soluzioni per la cybersecurity",FALSO
M3 - UD2,Il documento NIST Special Publication SP 800-82 Rev. 2,"Fa parte della serie 800, pubblicazioni speciali che sono documenti rilevanti di Information Technology",FALSO
M3 - UD2,Il documento NIST Special Publication SP 800-82 Rev. 2,Come tutti i documenti NIST può essere solamente acquistato nell'apposito sito,FALSO
M3 - UD2,Il Framework Core del NIST CSF,"È un insieme di attività di sicurezza informatica, risultati che si possono raggiungere e riferimenti applicabili comuni a tutti i settori delle organizzazioni in genere",VERO
M3 - UD2,Il Framework Core del NIST CSF,E' uno standard di sicurezza informatica di alto livello che non presenta linee guida e buone pratiche applicative di settore o riferimenti esterni agli stessi,FALSO
M3 - UD2,Il Framework Core del NIST CSF,"È costituito da cinque funzioni concorrenti e continue: Identifica, Reagisci, Rileva, Rispondi, Recupera",FALSO
M3 - UD2,Il Framework Core del NIST CSF,"È costituito da quattro funzioni concorrenti e continue: Identifica, Proteggi, Rileva, Rispondi",FALSO
M3 - UD2,Il Framework Core del NIST CSF,Identifica le categorie e le sottocategorie chiave associate a ciascuna funzione e le abbina alla documentazione informativa di esempio esistente per ciascuna sottocategoria,VERO
M3 - UD2,Il Framework Core del NIST CSF,Associa a ciascuna funzione le categorie ovvero le suddivisioni di una funzione in gruppi di risultati di sicurezza informatica strettamente legati alle specifiche esigenze,VERO
M3 - UD2,Il futuro NIST CSF 2.0,"Ai cinque pilastri principali del programma del framework attuale, il NIST CSF 2.0 aggiunge la funzione di “Governo”",VERO
M3 - UD2,Il futuro NIST CSF 2.0,Ha di fatto cambiato completamente la logica delle funzioni previste dal NIST CSF 1.1,FALSO
M3 - UD2,Il futuro NIST CSF 2.0,Attraverso la funzione Governo sottolinea che la sicurezza informatica è una delle principali fonti di rischio aziendale come indicazione fondamentale per la leadership,VERO
M3 - UD2,Il futuro NIST CSF 2.0,"Introduce la nuova funzione ""Governo"" che, diversamente dalle altre funzioni, non mantiene la struttura con Categorie e Sottocategorie",FALSO
M3 - UD2,Il futuro NIST CSF 2.0,Mediante la nuova funzione Governo fornisce i risultati per informare ciò che un’organizzazione può fare per raggiungere e dare priorità ai risultati delle altre cinque funzioni,VERO
M3 - UD2,Il futuro NIST CSF 2.0,Enfatizza che le attività di governance sono fondamentali per incorporare la cyber security nella più ampia strategia di gestione del rischio aziendale di un’organizzazione,VERO
M3 - UD2,Il NIST CSF 2.0,"Ha come principale differenza con il NIST CSF 1.1 l'aggiunta di una nuova funzione, ""Govern"" (GV) che si affianca alle quattro funzioni originali",FALSO
M3 - UD2,Il NIST CSF 2.0,"Ha come principale differenza con il NIST CSF 1.1 l'aggiunta di una nuova funzione, ""Govern"" (GV) che si affianca alle cinque funzioni originali",VERO
M3 - UD2,Il NIST CSF 2.0,"E' stato adottato, con poche modifiche, da ACN (Agenzia di Cybersecurity Nazionale) come Framework di riferimento",VERO
M3 - UD2,Il NIST CSF 2.0,Ha di fatto ampliato l'ambito di applicazione riconoscendo che la cybersecurity riguarda l'intera organizzazione e le sue interazioni,VERO
M3 - UD2,Il NIST CSF 2.0,"Fornisce indicazioni più specifiche sul rischio di terze parti, integrando le linee guida sulla catena di fornitura del software nella funzione Govern",VERO
M3 - UD2,Il NIST CSF 2.0,"Fornisce indicazioni più specifiche sul rischio di GDPR, integrando le linee guida sulla privacy e sul trattamento dei dati sensibili",FALSO
M3 - UD2,Il NIST Cyber Security Framework,È uno standard che non è mai stato revisionato dalla prima pubblicazione,FALSO
M3 - UD2,Il NIST Cyber Security Framework,Rispetto all’ISO/IEC 27001 non parla di contromisure ma di risultati o effetti ottenuti realizzando determinate attività,VERO
M3 - UD2,Il NIST Cyber Security Framework,Prevede la certificazione come l’ISO 27001,FALSO
M3 - UD2,Il NIST Cyber Security Framework,Prevede solamente un livello di implementazione,FALSO
M3 - UD2,Il NIST Cyber Security Framework,Contiene numerosi riferimenti informativi ad altri standard,VERO
M3 - UD2,Il NIST Cyber Security Framework,Prevede quattro livelli implementativi o Tiers,VERO
M3 - UD2,Il NIST Cybersecurity Framework,È un insieme di linee guida per mitigare i rischi di sicurezza informatica organizzativa.,VERO
M3 - UD2,Il NIST Cybersecurity Framework,È stato pubblicato dal NIST avendo come obiettivo la realizzazione di uno standard equivalente alla serie ISO/IEC 27000.,FALSO
M3 - UD2,Il NIST Cybersecurity Framework,"È composto da quattro parti: Framework Core, Framework Implementation Tiers, Framework Profiles e Framework Deployment.",FALSO
M3 - UD2,Il NIST Cybersecurity Framework,"Realizza un quadro che ""fornisce una tassonomia di alto livello dei risultati relativi alla sicurezza informatica e una metodologia per valutare e gestire tali risultati"".",VERO
M3 - UD2,Il NIST Cybersecurity Framework,"Realizza un quadro che ""fornisce una tassonomia dettagliata dei risultati della sicurezza informatica e una valutazione di tali risultati"".",FALSO
M3 - UD2,Il NIST Cybersecurity Framework,Realizza un quadro che permette orientamenti sulla protezione della privacy e delle libertà civili in un contesto di sicurezza informatica.,VERO
M3 - UD2,Il NIST Special Publication 800-39 (Variante A),"Ha come titolo: “Managing Information Security Risk”, Organization, Mission, and Information System View.",VERO
M3 - UD2,Il NIST Special Publication 800-39 (Variante A),"Ha come titolo: “Managing Risk in Information Security”, Organization, Mission, and Information System View.",FALSO
M3 - UD2,Il NIST Special Publication 800-39 (Variante A),"Ha come titolo: “Security of Information Risk”, Organization, Mission, and Information System View.",FALSO
M3 - UD2,Il NIST Special Publication 800-39 (Variante A),È il documento di punta della serie di standard e linee guida per la sicurezza delle informazioni sviluppati dal NIST in risposta alla FISMA (Federal Information Security Modernization Act) del Cybersecurity & Infrastructure Security Agency.,VERO
M3 - UD2,Il NIST Special Publication 800-39 (Variante A),È il documento di punta della serie di standard e linee guida per la sicurezza delle informazioni sviluppati dal NIST in risposta all’FIPS (Federal Information Processing Standard) del governo degli Stati Uniti d’America.,FALSO
M3 - UD2,Il NIST Special Publication 800-39 (Variante A),Ha come scopo il fornire una guida per un programma ampio e integrato a livello di organizzazione per la gestione del rischio per la sicurezza delle informazioni in relazione al funzionamento e all'uso dei sistemi informativi federali degli Stati Uniti.,VERO
M3 - UD2,Il NIST Special Publication SP 800-82 Rev. 2,È un documento che fornisce una guida su come proteggere i sistemi di controllo industriale (ICS).,VERO
M3 - UD2,Il NIST Special Publication SP 800-82 Rev. 2,È una pubblicazione che fornisce un catalogo integrativo di controlli di sicurezza e privacy per i sistemi informativi e le organizzazioni.,FALSO
M3 - UD2,Il NIST Special Publication SP 800-82 Rev. 2,È il documento di punta della serie di standard e linee guida per la sicurezza delle informazioni sviluppati dal NIST in risposta alla FISMA della Cybersecurity & Infrastructure Security Agency americana.,FALSO
M3 - UD2,Il NIST Special Publication SP 800-82 Rev. 2,Fa parte della serie di pubblicazioni speciali relative alla computer security.,VERO
M3 - UD2,Il NIST Special Publication SP 800-82 Rev. 2,Fa parte della serie di pubblicazioni speciali che propongono guide pratiche e usabili di soluzioni per la cybersecurity.,FALSO
M3 - UD2,Il NIST Special Publication SP 800-82 Rev. 2,Fa parte della serie di pubblicazioni che sono documenti rilevanti di Information Technology.,FALSO
M3 - UD2,Il PLC (Programmable Logic Controller),È un sistema di controllo a logica programmabile utilizzato per le sue caratteristiche real-time,VERO
M3 - UD2,Il PLC (Programmable Logic Controller),Si interfaccia attraverso gli I/O con motori/attuatori e sensori a macchine e impianti permettendo di realizzare logiche di automazione,VERO
M3 - UD2,Il PLC (Programmable Logic Controller),"Utilizza sempre sistemi operativi standard come, ad esempio, MS Windows",FALSO
M3 - UD2,Il PLC (Programmable Logic Controller),Utilizza tipicamente sistemi operativi con caratteristiche real-time o estensioni che permettano il determinismo,VERO
M3 - UD2,Il PLC (Programmable Logic Controller),Non è mai collegabile a internet,FALSO
M3 - UD2,Il PLC (Programmable Logic Controller),Per le sue caratteristiche non ha mai problematiche di sicurezza informatica,FALSO
M3 - UD2,"Il Requisito Fondazionale ""Resouce Availability (RE)"" di ISA/IEC 62443-1-1","Ha come obiettivo fondamentale assicurare che le risorse essenziali rimangano disponibili anche in caso di attacco informatico o guasto, per evitare il degrado dei servizi.",VERO
M3 - UD2,"Il Requisito Fondazionale ""Resouce Availability (RE)"" di ISA/IEC 62443-1-1","Ha come obiettivo principale la disponibilità per quel che riguarda la sicurezza informatica IT, non OT.",FALSO
M3 - UD2,"Il Requisito Fondazionale ""Resouce Availability (RE)"" di ISA/IEC 62443-1-1","Richiede che per garantire le risorse durante un incidente si applichi il principio della Least Functionality (minima funzionalità), ovvero disabilitare o limitare servizi e funzioni non necessari",FALSO
M3 - UD2,"Il Requisito Fondazionale ""Resouce Availability (RE)"" di ISA/IEC 62443-1-1","Richiede che i componenti del sistema di controllo devono gestire attivamente l'allocazione delle risorse (es. memoria, banda di rete, cicli di CPU) per prevenire attacchi mirati all'esaurimento delle stesse",VERO
M3 - UD2,"Il Requisito Fondazionale ""Resouce Availability (RE)"" di ISA/IEC 62443-1-1",Richiede che per ciascun sistema siano disponibili in backup della configurazione completa per consentire un ripristino completo del sistema in caso di guasto o compromissione,VERO
M3 - UD2,"Il Requisito Fondazionale ""Resouce Availability (RE)"" di ISA/IEC 62443-1-1",Prevede che l'intensità e la robustezza richieste si basino sull'analisi dei rischi e sul livello di sicurezza desiderato (da SL 1 a SL 4),VERO
M3 - UD2,Il Requisito Fondazionale Restrict Data Flow (RDF) di ISA/IEC 62443,Richiede che il flusso di dati sia limitato solo a ciò che è necessario per la funzione operativa prevista.,VERO
M3 - UD2,Il Requisito Fondazionale Restrict Data Flow (RDF) di ISA/IEC 62443,Consente qualsiasi comunicazione tra zone e condotti purché siano cifrati.,FALSO
M3 - UD2,Il Requisito Fondazionale Restrict Data Flow (RDF) di ISA/IEC 62443,Significa definire zone e conduit e stabilire regole di comunicazione ammesse tra di essi.,VERO
M3 - UD2,Il Requisito Fondazionale Restrict Data Flow (RDF) di ISA/IEC 62443,Riguarda soltanto la protezione dei dati a riposo nei dispositivi di automazione,FALSO
M3 - UD2,Il Requisito Fondazionale Restrict Data Flow (RDF) di ISA/IEC 62443,E' uno dei sette Requisiti Fondazionali (Foundational Requirements) definiti dalla IEC 62443,VERO
M3 - UD2,Il Requisito Fondazionale Restrict Data Flow (RDF) di ISA/IEC 62443,Può essere implementato con l'ausili di firewall industriali per permettono la comunicazione solo attraverso le porte e mediante i protocolli strettamente necessari,VERO
M3 - UD2,Il Requisito Fondazionale Restrict Data Flow (RDF) ha tra gli obiettivi:,Limitare la propagazione degli attacchi: impedendo che un attacco informatico si propaghi da una zona a un'altra della rete o del sistema,VERO
M3 - UD2,Il Requisito Fondazionale Restrict Data Flow (RDF) ha tra gli obiettivi:,Ridurre l'esposizione dei dati sensibili: limitando l'accesso ai dati sensibili e critici solo alle zone e ai sistemi che ne hanno bisogno,VERO
M3 - UD2,Il Requisito Fondazionale Restrict Data Flow (RDF) ha tra gli obiettivi:,Migliorare la sicurezza della rete: riducendo il numero di punti di attacco e limitando la possibilità di movimenti laterali degli attaccanti,VERO
M3 - UD2,Il Requisito Fondazionale Restrict Data Flow (RDF) ha tra gli obiettivi:,Migliorare la sicurezza della rete occupandosi direttamente dell'autenticazione degli utenti,FALSO
M3 - UD2,Il Requisito Fondazionale Restrict Data Flow (RDF) ha tra gli obiettivi:,Migliorare la protezione dei dati in transito su Internet,FALSO
M3 - UD2,Il Requisito Fondazionale Restrict Data Flow (RDF) ha tra gli obiettivi:,Rilevare o rendere visibili gli attacchi informatici,VERO
M3 - UD2,"Il risultato atteso NIST CSF ID.AM-08: Sistemi, hardware, software, servizi e dati vengono gestiti durante tutto il loro ciclo di vita vuole significare","Che per tutti i sistemi, gli hardware i software i sevizi e i dati è necessario gestire la configurazione e identificare la durata del ciclo di vita",VERO
M3 - UD2,"Il risultato atteso NIST CSF ID.AM-08: Sistemi, hardware, software, servizi e dati vengono gestiti durante tutto il loro ciclo di vita vuole significare","Che per tutti i sistemi, gli hardware i software è necessario effettuare costantemente gli aggiornamenti di sicurezza durante tutto il ciclo di vita",VERO
M3 - UD2,"Il risultato atteso NIST CSF ID.AM-08: Sistemi, hardware, software, servizi e dati vengono gestiti durante tutto il loro ciclo di vita vuole significare","Che per tutti i sistemi, gli hardware i software fuori dal ciclo di vita, ovvero obsoleti, devono essere sostituti",VERO
M3 - UD2,"Il risultato atteso NIST CSF ID.AM-08: Sistemi, hardware, software, servizi e dati vengono gestiti durante tutto il loro ciclo di vita vuole significare",Che tutti i sistemi e i software installati devono avere una versione (o un riferimento di configurazione) che deve essere legata alla versione dei relativi sotto-componenti,VERO
M3 - UD2,"Il risultato atteso NIST CSF ID.AM-08: Sistemi, hardware, software, servizi e dati vengono gestiti durante tutto il loro ciclo di vita vuole significare","Che tutti i sistemi, gli hardware, i software, i sevizi e i dati deveono essere inventariati",FALSO
M3 - UD2,"Il risultato atteso NIST CSF ID.AM-08: Sistemi, hardware, software, servizi e dati vengono gestiti durante tutto il loro ciclo di vita vuole significare","Che tutti i sistemi, gli hardware, i software, i sevizi e i dati devono essere gestite dagli operatori che hanno l'autorità per farlo",FALSO
M3 - UD2,In un CSMS (Cyber Security Management System) secondo ISA/IEC 62443,I requisiti sono associati agli elementi costitutivi raggruppati in macrocategorie.,VERO
M3 - UD2,In un CSMS (Cyber Security Management System) secondo ISA/IEC 62443,"Le macrocategorie sono: “Risk Analysis”, “Indirizzare il rischio con il CSMS”, “Monitorare e migliorare il CSMS”.",VERO
M3 - UD2,In un CSMS (Cyber Security Management System) secondo ISA/IEC 62443,Ad ogni elemento è associato un elenco di requisiti specifici.,VERO
M3 - UD2,In un CSMS (Cyber Security Management System) secondo ISA/IEC 62443,Gli elementi non sono ulteriormente raggruppati all’interno delle macrocategorie.,FALSO
M3 - UD2,In un CSMS (Cyber Security Management System) secondo ISA/IEC 62443,Ad ogni elemento è associato solo un requisito specifico.,FALSO
M3 - UD2,In un CSMS (Cyber Security Management System) secondo ISA/IEC 62443,"Per ciascun elemento sono rappresentati gli obiettivi, la descrizione e il fondamento logico (rationale) dell’elemento.",VERO
M3 - UD2,ISO/IEC 27002 permette di strutturare i controlli secondo uno schema che prevede i seguenti livelli,Aree di Controllo,VERO
M3 - UD2,ISO/IEC 27002 permette di strutturare i controlli secondo uno schema che prevede i seguenti livelli,Aree di Rischio,FALSO
M3 - UD2,ISO/IEC 27002 permette di strutturare i controlli secondo uno schema che prevede i seguenti livelli,Zone Locali e Remote,FALSO
M3 - UD2,ISO/IEC 27002 permette di strutturare i controlli secondo uno schema che prevede i seguenti livelli,Categorie di Controllo,VERO
M3 - UD2,ISO/IEC 27002 permette di strutturare i controlli secondo uno schema che prevede i seguenti livelli,Contromisure (Controlli),VERO
M3 - UD2,ISO/IEC 27002 permette di strutturare i controlli secondo uno schema che prevede i seguenti livelli,Categorie di Allarme,FALSO
M3 - UD2,"L'area tematica dei requisiti ISO/IEC 27001 ""Attività Operative"" definisce che:","L'organizzazione deve pianificare, implementare e controllare i processi necessari per soddisfare i requisiti e implementare le azioni predeterminate",VERO
M3 - UD2,"L'area tematica dei requisiti ISO/IEC 27001 ""Attività Operative"" definisce che:",L'organizzazione deve esaminare anche le conseguenze dei cambiamenti non voluti,VERO
M3 - UD2,"L'area tematica dei requisiti ISO/IEC 27001 ""Attività Operative"" definisce che:",L'organizzazione deve eseguire valutazioni periodiche del risco per la sicurezza delle informazioni o quando si verificano cambiamenti significativi,VERO
M3 - UD2,"L'area tematica dei requisiti ISO/IEC 27001 ""Attività Operative"" definisce che:",L'organizzazione deve determinare la necessità di comunicazioni interne ed esterne rilevanti per l'ISMS,FALSO
M3 - UD2,"L'area tematica dei requisiti ISO/IEC 27001 ""Attività Operative"" definisce che:",L'organizzazione deve attuare il piano di trattamento dei rischi per la sicurezza delle informazioni,VERO
M3 - UD2,"L'area tematica dei requisiti ISO/IEC 27001 ""Attività Operative"" definisce che:",L'organizzazione deve effettuare il monitoraggio sull'efficacia dell' ISMS,FALSO
M3 - UD2,"L'area tematica dei requisiti ISO/IEC 27001 ""Contesto dell'organizzazione"" definisce che:",L'organizzazione deve determinare le questioni esterne e interne che sono rilevanti per i suoi obiettivi,VERO
M3 - UD2,"L'area tematica dei requisiti ISO/IEC 27001 ""Contesto dell'organizzazione"" definisce che:",L'organizzazione deve determinare solo le questioni interne che sono rilevanti per i suoi obiettivi,FALSO
M3 - UD2,"L'area tematica dei requisiti ISO/IEC 27001 ""Contesto dell'organizzazione"" definisce che:",L'organizzazione deve determinare i soggetti interessati rilevanti rispetto al sistema di gestione della sicurezza delle informazioni,VERO
M3 - UD2,"L'area tematica dei requisiti ISO/IEC 27001 ""Contesto dell'organizzazione"" definisce che:",L'organizzazione deve determinare i confini e l'applicabilità del sistema di gestione della sicurezza delle informazioni per stabilirne l'ambito,VERO
M3 - UD2,"L'area tematica dei requisiti ISO/IEC 27001 ""Contesto dell'organizzazione"" definisce che:","L'organizzazione deve stabilire, implementare, mantenere e migliorare continuamente il sistema di gestione della sicurezza delle informazioni",VERO
M3 - UD2,"L'area tematica dei requisiti ISO/IEC 27001 ""Contesto dell'organizzazione"" definisce che:",L'organizzazione deve applicare il sistema di gestione della sicurezza delle informazioni in maniera uniforme anche senza stabilirne l'ambito,FALSO
M3 - UD2,"L'area tematica dei requisiti ISO/IEC 27001 ""Supporto"" definisce che:","L'organizzazione abbia le persone, le competenze, le infrastrutture e l'ambiente di lavoro necessari per supportare il SGSI",VERO
M3 - UD2,"L'area tematica dei requisiti ISO/IEC 27001 ""Supporto"" definisce che:",Siano identificati i requisiti di competenza per il personale coinvolto nella gestione della sicurezza delle informazioni e assicurare che siano soddisfatti,VERO
M3 - UD2,"L'area tematica dei requisiti ISO/IEC 27001 ""Supporto"" definisce che:","Il personale sia sesnibilizzato sulla politica di sicurezza delle informazioni, i contributi individuali alla sicurezza delle informazioni, e le implicazioni della mancata conformità ai requisiti del SGSI",VERO
M3 - UD2,"L'area tematica dei requisiti ISO/IEC 27001 ""Supporto"" definisce che:",Siano stabiliti processi di comunicazione efficaci per garantire che le informazioni rilevanti sulla sicurezza siano condivise internamente ed esternamente,VERO
M3 - UD2,"L'area tematica dei requisiti ISO/IEC 27001 ""Supporto"" definisce che:",Esistano le basi per l'implementazione di un SGSI ma non per il suo mantenimento,FALSO
M3 - UD2,"L'area tematica dei requisiti ISO/IEC 27001 ""Supporto"" definisce che:",Le attività operative per l'istituzione e il mantenimento di un SGSI siano completamente realizzate,FALSO
M3 - UD2,"L'area tematica dei requisiti ISO/IEC 27001 ""Valutazione delle Prestazioni""",Definisce i criteri di valutazione del rischio operativo sulla sicurezza delle informazioni,FALSO
M3 - UD2,"L'area tematica dei requisiti ISO/IEC 27001 ""Valutazione delle Prestazioni""","Definisce cosa deve essere monitorato e misurato, compresi i processi e i controlli sulla sicurezza delle informazioni",VERO
M3 - UD2,"L'area tematica dei requisiti ISO/IEC 27001 ""Valutazione delle Prestazioni""",Definisce quando devono essere eseguiti il monitoraggio e la misurazione,VERO
M3 - UD2,"L'area tematica dei requisiti ISO/IEC 27001 ""Valutazione delle Prestazioni""","Definisce i metodi di monitoraggio, misurazione, analisi e valutazione, a seconda dei casi, per garantire risultati validi.",VERO
M3 - UD2,"L'area tematica dei requisiti ISO/IEC 27001 ""Valutazione delle Prestazioni""",Permette all'organizzazione di valutare le prestazioni di sicurezza delle informazioni e l'efficacia del sistema di gestione della sicurezza delle informazioni,VERO
M3 - UD2,"L'area tematica dei requisiti ISO/IEC 27001 ""Valutazione delle Prestazioni""",Non si occupa di definire i criteri e le modalità di ispezione (Audit Interno) delegati alle Attività Operative,FALSO
M3 - UD2,L'attributo dei controlli ISO/IEC 27001:2022 Cybersecurity Concepts,"Permettono di associare, e quindi etichettare, un controllo ad una funzione del NIST CSF Core",VERO
M3 - UD2,L'attributo dei controlli ISO/IEC 27001:2022 Cybersecurity Concepts,"Permettono di associare, e quindi etichettare, un controllo ISO/IEC 27001 ad una funzione dell'IEC 62443-3-2",FALSO
M3 - UD2,L'attributo dei controlli ISO/IEC 27001:2022 Cybersecurity Concepts,"Può essere associato alle funzioni: Identify, Protect, Detect, Respond e Recover",VERO
M3 - UD2,L'attributo dei controlli ISO/IEC 27001:2022 Cybersecurity Concepts,"Può assumere uno dei seguenti livelli di sicurezza: SL1, SL2, SL3 o SL4",FALSO
M3 - UD2,L'attributo dei controlli ISO/IEC 27001:2022 Cybersecurity Concepts,"Può essere associato ai tipi: Preventive, Detective and Corrective",FALSO
M3 - UD2,L'attributo dei controlli ISO/IEC 27001:2022 Cybersecurity Concepts,"Può essere associato alle proprietà: Confidentiality, Integrity and Avalability",FALSO
M3 - UD2,L’Area di Controllo 6 dell’ISO 27001 2013 Annex A “Organizzazione della Sicurezza delle Informazioni”,Ha tra gli obiettivi lo stabilire un quadro di riferimento per intraprendere e controllare l’attuazione e l’esercizio della sicurezza delle informazioni all’interno dell’organizzazione,VERO
M3 - UD2,L’Area di Controllo 6 dell’ISO 27001 2013 Annex A “Organizzazione della Sicurezza delle Informazioni”,Ha tra gli obiettivi l’assicurare la sicurezza del telelavoro e dell’uso di dispositivi portatili,VERO
M3 - UD2,L’Area di Controllo 6 dell’ISO 27001 2013 Annex A “Organizzazione della Sicurezza delle Informazioni”,È composta da quattro gruppi di controlli,FALSO
M3 - UD2,L’Area di Controllo 6 dell’ISO 27001 2013 Annex A “Organizzazione della Sicurezza delle Informazioni”,È composta da due gruppi di controlli,VERO
M3 - UD2,L’Area di Controllo 6 dell’ISO 27001 2013 Annex A “Organizzazione della Sicurezza delle Informazioni”,Ha tra i controlli la separazione dei compiti e le aree di responsabilità,VERO
M3 - UD2,L’Area di Controllo 6 dell’ISO 27001 2013 Annex A “Organizzazione della Sicurezza delle Informazioni”,Ha tra i controlli la condivisione dei compiti e le aree di responsabilità,FALSO
M3 - UD2,L’Area di Controllo 7 dell’ISO 27001 2013 Annex A “Sicurezza delle Risorse Umane” include le seguenti Categorie di Controllo,Prima dell’impiego,VERO
M3 - UD2,L’Area di Controllo 7 dell’ISO 27001 2013 Annex A “Sicurezza delle Risorse Umane” include le seguenti Categorie di Controllo,Selezione del personale,FALSO
M3 - UD2,L’Area di Controllo 7 dell’ISO 27001 2013 Annex A “Sicurezza delle Risorse Umane” include le seguenti Categorie di Controllo,Durante l’impiego,VERO
M3 - UD2,L’Area di Controllo 7 dell’ISO 27001 2013 Annex A “Sicurezza delle Risorse Umane” include le seguenti Categorie di Controllo,Formazione del Personale,FALSO
M3 - UD2,L’Area di Controllo 7 dell’ISO 27001 2013 Annex A “Sicurezza delle Risorse Umane” include le seguenti Categorie di Controllo,Discontinuità del rapporto di lavoro,FALSO
M3 - UD2,L’Area di Controllo 7 dell’ISO 27001 2013 Annex A “Sicurezza delle Risorse Umane” include le seguenti Categorie di Controllo,Cessazione e variazione del rapporto di lavoro,VERO
M3 - UD2,L’Area di Controllo 8 dell’ISO 27001 2013 Annex A “Gestione degli asset”,Ha tra gli obiettivi l’identificazione degli asset dell’organizzazione e definire adeguate responsabilità per la loro protezione,VERO
M3 - UD2,L’Area di Controllo 8 dell’ISO 27001 2013 Annex A “Gestione degli asset”,Ha tra gli obiettivi l’assicurare che le informazioni ricevano un adeguato livello di protezione in linea con la loro importanza per l’organizzazione,VERO
M3 - UD2,L’Area di Controllo 8 dell’ISO 27001 2013 Annex A “Gestione degli asset”,"Ha tra gli obiettivi il prevenire la divulgazione non autorizzata, la modifica, la rimozione o la distruzione delle informazioni archiviate sui supporti",VERO
M3 - UD2,L’Area di Controllo 8 dell’ISO 27001 2013 Annex A “Gestione degli asset”,Ha tra i controlli la “Sicurezza delle informazioni nella gestione dei progetti”,FALSO
M3 - UD2,L’Area di Controllo 8 dell’ISO 27001 2013 Annex A “Gestione degli asset”,Ha tra i controlli la “Classificazione delle informazioni”,VERO
M3 - UD2,L’Area di Controllo 8 dell’ISO 27001 2013 Annex A “Gestione degli asset”,Ha tra i controlli la “Non memorizzazione delle informazioni”,FALSO
M3 - UD2,L’Area di Controllo 9 dell’ISO 27001 2013 Annex A “Controllo degli Accessi (logici)” include le seguenti Categorie di Controllo,Requisiti di business per il controllo degli accessi,VERO
M3 - UD2,L’Area di Controllo 9 dell’ISO 27001 2013 Annex A “Controllo degli Accessi (logici)” include le seguenti Categorie di Controllo,Gestione degli accessi degli utenti,VERO
M3 - UD2,L’Area di Controllo 9 dell’ISO 27001 2013 Annex A “Controllo degli Accessi (logici)” include le seguenti Categorie di Controllo,Responsabilità dell’utente,VERO
M3 - UD2,L’Area di Controllo 9 dell’ISO 27001 2013 Annex A “Controllo degli Accessi (logici)” include le seguenti Categorie di Controllo,Responsabilità del manager,FALSO
M3 - UD2,L’Area di Controllo 9 dell’ISO 27001 2013 Annex A “Controllo degli Accessi (logici)” include le seguenti Categorie di Controllo,Controllo degli accessi ai sistemi e alle applicazioni,VERO
M3 - UD2,L’Area di Controllo 9 dell’ISO 27001 2013 Annex A “Controllo degli Accessi (logici)” include le seguenti Categorie di Controllo,Controllo degli accessi fisici ai sistemi e alle applicazioni,FALSO
M3 - UD2,La serie ISA/IEC 62443,Fornisce un quadro flessibile per affrontare e mitigare le vulnerabilità di sicurezza attuali e future nei sistemi di controllo e automazione industriale (IACS).,VERO
M3 - UD2,La serie ISA/IEC 62443,Sono standard applicabili a tutti i settori industriali e alle infrastrutture critiche.,VERO
M3 - UD2,La serie ISA/IEC 62443,Ha un posizionamento che scende sino a livello dell’impianto.,VERO
M3 - UD2,La serie ISA/IEC 62443,Ha un posizionamento che parte dal coinvolgimento dell’amministratore delegato e del consiglio di amministrazione.,FALSO
M3 - UD2,La serie ISA/IEC 62443,È costituita da quattro famiglie di standard ancora in aggiornamento.,VERO
M3 - UD2,La serie ISA/IEC 62443,Non riguarda direttamente gli SCADA.,FALSO
M3 - UD2,La struttura di ISA/IEC 62443,E' composta da quattro famiglie di standard corrispondenti a quattro profili di approfondimento,VERO
M3 - UD2,La struttura di ISA/IEC 62443,E' composta da una solo gruppo organico di standard in cui sono sviluppati diversi livelli di approfondimento,FALSO
M3 - UD2,La struttura di ISA/IEC 62443,Prevede livelli di approfondimento che vanno dal livello generale ed arrivano sino al livello del componente inteso come prodotto utilizzato all'interno di un sistema.,VERO
M3 - UD2,La struttura di ISA/IEC 62443,"Prevede un livello Generale dove sono presenti le informazioni introduttive, vocabolari, modelli, concetti e casi d'uso",VERO
M3 - UD2,La struttura di ISA/IEC 62443,"Prevede un livello Sistema ovvero approcci di valutazione, livelli di requisiti di sicurezza e tecnologie dei prodotti utilizzati",FALSO
M3 - UD2,La struttura di ISA/IEC 62443,E' immutabile sia nelle famiglie che nel numero dei documenti presenti in ciascuna famiglia,FALSO
M3 - UD2,La struttura di ISA/IEC 62443 (Variante A),È costituita da quattro famiglie di standard con vari livelli di approfondimento.,VERO
M3 - UD2,La struttura di ISA/IEC 62443 (Variante A),"È rappresentabile in quattro gruppi di standard che possono rappresentare: “Modelli”, “Gestione”, “Sistema” e “Componente”.",VERO
M3 - UD2,La struttura di ISA/IEC 62443 (Variante A),È costituita da tre famiglie di standard con vari livelli di approfondimento più uno non ancora pubblicato.,FALSO
M3 - UD2,La struttura di ISA/IEC 62443 (Variante A),"È composta dalle famiglie: “Modelli”, “Gestione”, “Organizzazione” e “Componente”.",FALSO
M3 - UD2,La struttura di ISA/IEC 62443 (Variante A),"È composta dalle famiglie: “General”, “Policy & Procedures”, “System” e “Component”.",VERO
M3 - UD2,La struttura di ISA/IEC 62443 (Variante A),È costituita da famiglie di standard con lo stesso numero di documenti in ogni famiglia.,FALSO
M3 - UD2,La struttura di ISA/IEC 62443 (Variante B),È costituita da quattro famiglie di standard con vari livelli di approfondimento.,VERO
M3 - UD2,La struttura di ISA/IEC 62443 (Variante B),"È rappresentabile in quattro gruppi di standard che possono rappresentare: “Modelli”, “Gestione”, “Sistema” e “Componente”.",VERO
M3 - UD2,La struttura di ISA/IEC 62443 (Variante B),È costituita da tre famiglie di standard con vari livelli di approfondimento più uno non ancora pubblicato.,FALSO
M3 - UD2,La struttura di ISA/IEC 62443 (Variante B),"È composta dalle famiglie: “General”, “Policy & Procedures”, “System” e “Component”.",VERO
M3 - UD2,La struttura di ISA/IEC 62443 (Variante B),È costituita da famiglie di standard con lo stesso numero di documenti in ogni famiglia.,FALSO
M3 - UD2,La struttura di ISA/IEC 62443 (Variante B),È costituita da famiglie di standard con vari documenti in diversi stadi di sviluppo (o ancora in fase di sviluppo).,VERO
M3 - UD2,Le aziende nel settore terziario avanzato,"Sono imprese che realizzano attività di intermediazione, o di produzione indiretta di beni, tramite il commercio degli stessi",FALSO
M3 - UD2,Le aziende nel settore terziario avanzato,Sono imprese di servizio che basano il proprio core business sul know-how e sui servizi intellettuali,VERO
M3 - UD2,Le aziende nel settore terziario avanzato,Possono essere le aziende che gestiscono i trasporti e le comunicazioni,FALSO
M3 - UD2,Le aziende nel settore terziario avanzato,Possono essere le società di Ingegneria,VERO
M3 - UD2,Le aziende nel settore terziario avanzato,Possono essere le aziende che realizzano attività di ricerca e sviluppo di una nuova tecnologia,VERO
M3 - UD2,Le aziende nel settore terziario avanzato,Possono essere le aziende ICT,VERO
M3 - UD2,Le Contromisure secondo ISA/IEC 62443-1-1,Sono le contromisure utilizzate per definire il livello di sicurezza di una zona o un conduit,VERO
M3 - UD2,Le Contromisure secondo ISA/IEC 62443-1-1,Possono essere tecniche (ovvero policies e procedure),FALSO
M3 - UD2,Le Contromisure secondo ISA/IEC 62443-1-1,Possono essere amministrative,VERO
M3 - UD2,Le Contromisure secondo ISA/IEC 62443-1-1,Possono essere fisiche,VERO
M3 - UD2,Le Contromisure secondo ISA/IEC 62443-1-1,Eliminano completamente il rischio,FALSO
M3 - UD2,Le Contromisure secondo ISA/IEC 62443-1-1,Permettono di raggiungere il Security Level Capability,VERO
M3 - UD2,Le Funzioni del Framework Core,Sono funzioni che organizzano le attività di sicurezza informatica di un'organizzazione,VERO
M3 - UD2,Le Funzioni del Framework Core,"Sono concorrenti tra di loro, nel senso che sono attive tutte contemporaneamente",VERO
M3 - UD2,Le Funzioni del Framework Core,"Sono sequenziali tra di loro, nel senso che sono attivate una dopo l'altra nel rispettivo ordine",FALSO
M3 - UD2,Le Funzioni del Framework Core,"Sono suddivise in categorie, ovvero in gruppi di risultati di sicurezza informatica",VERO
M3 - UD2,Le Funzioni del Framework Core,Sono divise in sottocategorie ovvero i controlli da effettuare,FALSO
M3 - UD2,Le Funzioni del Framework Core,Devono essere sempre attive,VERO
M3 - UD2,Le guide verticali NIST Special Publications sono raggruppate in,(Variante B) SP 800 Computer security.,VERO
M3 - UD2,Le guide verticali NIST Special Publications sono raggruppate in,(Variante B) SP 1800 Cybersecurity Practice Guides.,VERO
M3 - UD2,Le guide verticali NIST Special Publications sono raggruppate in,(Variante B) SP 1700 Cybersecurity Development Guides.,FALSO
M3 - UD2,Le guide verticali NIST Special Publications sono raggruppate in,(Variante B) SP 500 Information Technology (Relevant Documents).,VERO
M3 - UD2,Le guide verticali NIST Special Publications sono raggruppate in,(Variante B) SP 300 Information Technology (Relevant Documents).,FALSO
M3 - UD2,Le guide verticali NIST Special Publications sono raggruppate in,(Variante B) SP 600 Computer System Management.,FALSO
M3 - UD2,Le sottocategorie del NIST CSF Framework Core,Sono i risultati che si possono ottenere,VERO
M3 - UD2,Le sottocategorie del NIST CSF Framework Core,Fanno sempre riferimento ad esempi pratici presenti nei riferimenti informativi,VERO
M3 - UD2,Le sottocategorie del NIST CSF Framework Core,Sono raggruppate in categorie che poi compongono le funzioni NIST CSF,VERO
M3 - UD2,Le sottocategorie del NIST CSF Framework Core,Non sono assimilabili ai controlli ISO27001,FALSO
M3 - UD2,Le sottocategorie del NIST CSF Framework Core,Possono fare riferimento ad altri standard di settore,VERO
M3 - UD2,Le sottocategorie del NIST CSF Framework Core,Di solito non fanno mai riferimento ad altri standard di settore,FALSO
M3 - UD2,Le tipologie dei Livelli per la gestione continua dei SL (Security Levels) secondo ISA/IEC 62443-1-1,"Possono essere Target (SL-T), Achieved (SL-A) e Potential (SL-P)",FALSO
M3 - UD2,Le tipologie dei Livelli per la gestione continua dei SL (Security Levels) secondo ISA/IEC 62443-1-1,Sono utilizzate per mantenere aggiornate le contromisure di zone e conduits nel tempo,VERO
M3 - UD2,Le tipologie dei Livelli per la gestione continua dei SL (Security Levels) secondo ISA/IEC 62443-1-1,"Possono essere Target (SL-T), Achieved (SL-A) e Capability (SL-C)",VERO
M3 - UD2,Le tipologie dei Livelli per la gestione continua dei SL (Security Levels) secondo ISA/IEC 62443-1-1,Rappresentano: SL-T il livello di sicurezza che si vuole raggiungere e SL-A quello effettivamente raggiunto in un determinato momento (considerando che SL-A<=SL-T),FALSO
M3 - UD2,Le tipologie dei Livelli per la gestione continua dei SL (Security Levels) secondo ISA/IEC 62443-1-1,Rappresentano: SL-T il livello di sicurezza che si vuole raggiungere e SL-A quello effettivamente raggiunto in un determinato momento (considerando che SL-A>=SL-T),VERO
M3 - UD2,Le tipologie dei Livelli per la gestione continua dei SL (Security Levels) secondo ISA/IEC 62443-1-1,Si gestiscono mediante le contromisure che possono essere unicamente di tipo tecnico,FALSO
M3 - UD2,Le zone secondo ISA/IEC 62443 (Variante A),Dividono una architettura fisica (dispositivi di rete e connessioni) in zone omogenee raggruppando i dispositivi HW con requisiti di sicurezza comuni.,FALSO
M3 - UD2,Le zone secondo ISA/IEC 62443 (Variante A),Dividono un sistema in aree (o zone) omogenee raggruppando le risorse (logiche o fisiche) con requisiti di sicurezza comuni.,VERO
M3 - UD2,Le zone secondo ISA/IEC 62443 (Variante A),Dividono un sistema in aree omogenee raggruppando le risorse fisiche con requisiti di sicurezza comuni.,FALSO
M3 - UD2,Le zone secondo ISA/IEC 62443 (Variante A),"Hanno requisiti di sicurezza definiti da Security Level (SL), il livello richiesto per una zona è determinato dall'analisi del rischio.",VERO
M3 - UD2,Le zone secondo ISA/IEC 62443 (Variante A),Hanno confini che separano gli elementi all'interno della zona da quelli esterni.,VERO
M3 - UD2,Le zone secondo ISA/IEC 62443 (Variante A),Hanno confini che separano gli elementi fisici da quelli virtualizzati.,FALSO
M3 - UD2,Le zone secondo ISA/IEC 62443 (Variante B),Dividono una architettura fisica (dispositivi di rete e connessioni) in zone omogenee raggruppando i dispositivi HW con requisiti di sicurezza comuni.,FALSO
M3 - UD2,Le zone secondo ISA/IEC 62443 (Variante B),Dividono un sistema in aree omogenee raggruppando le risorse fisiche con requisiti di sicurezza comuni.,FALSO
M3 - UD2,Le zone secondo ISA/IEC 62443 (Variante B),"Hanno requisiti di sicurezza definiti da Security Level (SL), il livello richiesto per una zona è determinato dall'analisi del rischio.",VERO
M3 - UD2,Le zone secondo ISA/IEC 62443 (Variante B),Hanno confini che separano gli elementi fisici da quelli virtualizzati.,FALSO
M3 - UD2,Le zone secondo ISA/IEC 62443 (Variante B),Possono includere impianti presenti in siti fisici differenti.,FALSO
M3 - UD2,Le zone secondo ISA/IEC 62443 (Variante B),Possono essere suddivise in sottozone che definiscono diversi livelli di sicurezza e quindi consentono una difesa in profondità.,VERO
M3 - UD2,Le zone secondo ISA/IEC 62443 (Variante C),Dividono un sistema in zone omogenee raggruppando le risorse (logiche o fisiche) con requisiti di sicurezza comuni,VERO
M3 - UD2,Le zone secondo ISA/IEC 62443 (Variante C),Dividono una architettura fisica (dispositivi di rete e connessioni) in zone omogenee raggruppando i dispositivi HW con requisiti di sicurezza comuni,FALSO
M3 - UD2,Le zone secondo ISA/IEC 62443 (Variante C),"Hanno requisiti di sicurezza definiti da Security Level (SL), il livello richiesto per una zona è determinato dall'analisi del rischio",VERO
M3 - UD2,Le zone secondo ISA/IEC 62443 (Variante C),Sono connesse attraverso i conduits che raggruppano gli elementi che ne consentono la comunicazione,VERO
M3 - UD2,Le zone secondo ISA/IEC 62443 (Variante C),Possono essere suddivise in sottozone con livelli di sicurezza differenti consentendo una difesa in profondità,VERO
M3 - UD2,Le zone secondo ISA/IEC 62443 (Variante C),Possono estendersi includendo impianti presenti in siti fisici differenti,FALSO
M3 - UD2,Le zone secondo ISA/IEC 62443 (Variante D),Dividono una architettura fisica (dispositivi di rete e connessioni) in zone omogenee raggruppando i dispositivi con requisiti di sicurezza comuni,FALSO
M3 - UD2,Le zone secondo ISA/IEC 62443 (Variante D),Dividono un sistema in zone omogenee raggruppando le risorse (logiche o fisiche) con requisiti di sicurezza comuni,VERO
M3 - UD2,Le zone secondo ISA/IEC 62443 (Variante D),"Hanno requisiti di sicurezza definiti da Security Level (SL), il livello richiesto per una zona è determinato dall'analisi del rischio",VERO
M3 - UD2,Le zone secondo ISA/IEC 62443 (Variante D),Hanno confini che separano gli elementi all'interno della zona da quelli esterni,VERO
M3 - UD2,Le zone secondo ISA/IEC 62443 (Variante D),Possono includere impianti presenti in siti fisici differenti,FALSO
M3 - UD2,Le zone secondo ISA/IEC 62443 (Variante D),Possono essere suddivise in sottozone che definiscono diversi livelli di sicurezza e quindi consentono una difesa in profondità,VERO
M3 - UD2,Lo SCADA,È l’acronimo di Supervisory Control and Data Acquisition,VERO
M3 - UD2,Lo SCADA,È l’acronimo di Supervisory Classification and Data Analysis,FALSO
M3 - UD2,Lo SCADA,È un sistema di Supervisione e di Acquisizione dei Dati,VERO
M3 - UD2,Lo SCADA,"È un sistema (stand-alone o basato su architetture di computer) che permette la conduzione di un impianto, una linea o una macchina industriale da parte degli operatori",VERO
M3 - UD2,Lo SCADA,"È un sistema unicamente stand-alone che permette la conduzione di un impianto, una linea o una macchina industriale da parte degli operatori",FALSO
M3 - UD2,Lo SCADA,Richiede strategie di protezione particolari perché utilizza protocolli di comunicazione realtime di solito non gestiti dai principali firewall ed endpoint protection,VERO
M3 - UD2,Lo standard ISO/IEC 27000-series,È una serie di norme internazionali che costituiscono uno standard relativo alla sicurezza informatica.,VERO
M3 - UD2,Lo standard ISO/IEC 27000-series,È uno standard monolitico costituito da un solo documento che unisce insieme una serie di norme internazionali.,FALSO
M3 - UD2,Lo standard ISO/IEC 27000-series,"È denominato ""Information Security Management Systems (ISMS) Family of Standards"" e si prefigge di proteggere le informazioni che vengono mantenute ed elaborate da un’organizzazione.",VERO
M3 - UD2,Lo standard ISO/IEC 27000-series,"Permette alle organizzazioni di sviluppare ed implementare un proprio sistema per la gestione della sicurezza informatica per le informazioni finanziarie, la proprietà intellettuale ed i dati dei dipendenti, di clienti o di terzi.",VERO
M3 - UD2,Lo standard ISO/IEC 27000-series,È stato generato dagli standard British Standard BS 7799-1 e -2.,VERO
M3 - UD2,Lo standard ISO/IEC 27000-series,Si focalizza sulla protezione dei dati esclusivamente attraverso il consolidamento della tecnologia di rete.,FALSO
M3 - UD2,Nel Framework Core (di NIST CSF) le Categorie,Sono le suddivisioni di ciascuna delle Funzioni Concorrenti in gruppi di possibili fattori di rischio di sicurezza informatica legati alle esigenze programmatiche e ad attività generiche.,FALSO
M3 - UD2,Nel Framework Core (di NIST CSF) le Categorie,Sono le suddivisioni di ciascuna delle Funzioni Concorrenti in gruppi di risultati di sicurezza informatica strettamente legati alle esigenze programmatiche e ad attività particolari.,VERO
M3 - UD2,Nel Framework Core (di NIST CSF) le Categorie,"Possono includere, ad esempio, ""Gestione degli asset"", ""Gestione dell'identità e controllo degli accessi"" e ""Processi di rilevamento"".",VERO
M3 - UD2,Nel Framework Core (di NIST CSF) le Categorie,"Sono ulteriormente suddivise in sottocategorie le quali forniscono una serie di risultati che, sebbene non esaustivi, aiutano a supportare il raggiungimento degli obiettivi (risultati o outcomes) in ciascuna categoria.",VERO
M3 - UD2,Nel Framework Core (di NIST CSF) le Categorie,"Sono ulteriormente suddivise in sottocategorie che possono includere, ad esempio, ""I sistemi di informazione esterni sono catalogati"", ""I dati inattivi sono protetti"" o ""Le notifiche dai sistemi di rilevamento vengono esaminate"".",VERO
M3 - UD2,Nel Framework Core (di NIST CSF) le Categorie,Sono ulteriormente suddivise in sottocategorie che sono associate a Riferimenti Informativi: esempi assolutamente esaustivi basati sulle esperienze dirette sul campo.,FALSO
M3 - UD2,Nel Framework Core di NIST CF la funzione “Identify” è costituita dalle seguenti Categorie,Asset management.,VERO
M3 - UD2,Nel Framework Core di NIST CF la funzione “Identify” è costituita dalle seguenti Categorie,Business Environment.,VERO
M3 - UD2,Nel Framework Core di NIST CF la funzione “Identify” è costituita dalle seguenti Categorie,Analysis.,FALSO
M3 - UD2,Nel Framework Core di NIST CF la funzione “Identify” è costituita dalle seguenti Categorie,Risk Mitigation.,FALSO
M3 - UD2,Nel Framework Core di NIST CF la funzione “Identify” è costituita dalle seguenti Categorie,Risk Management Strategy.,VERO
M3 - UD2,Nel Framework Core di NIST CF la funzione “Identify” è costituita dalle seguenti Categorie,Supply Chain Risk Management.,VERO
M3 - UD2,Nel Framework Core di NIST CF la funzione “Protect” è costituita dalle seguenti Categorie,Identity Management and Access Control.,VERO
M3 - UD2,Nel Framework Core di NIST CF la funzione “Protect” è costituita dalle seguenti Categorie,Awareness and Training.,VERO
M3 - UD2,Nel Framework Core di NIST CF la funzione “Protect” è costituita dalle seguenti Categorie,Data Security.,VERO
M3 - UD2,Nel Framework Core di NIST CF la funzione “Protect” è costituita dalle seguenti Categorie,Information Protection Processes & Procedures.,VERO
M3 - UD2,Nel Framework Core di NIST CF la funzione “Protect” è costituita dalle seguenti Categorie,Anomalies and Events.,FALSO
M3 - UD2,Nel Framework Core di NIST CF la funzione “Protect” è costituita dalle seguenti Categorie,Protective Technology.,VERO
M3 - UD2,Nel NIST CSF Core le sottocategorie,Sono i risultati che si possono ottenere,VERO
M3 - UD2,Nel NIST CSF Core le sottocategorie,Fanno sempre riferimento ad esempi pratici presenti nei riferimenti informativi,VERO
M3 - UD2,Nel NIST CSF Core le sottocategorie,Sono raggruppate in categorie che poi compongono le funzioni NIST CSF,VERO
M3 - UD2,Nel NIST CSF Core le sottocategorie,Non sono assimilabili ai controlli ISO27001,FALSO
M3 - UD2,Nel NIST CSF Core le sottocategorie,Possono fare riferimento ad altri standard di settore,VERO
M3 - UD2,Nel NIST CSF Core le sottocategorie,Di solito non fanno mai riferimento ad altri standard di settore,FALSO
M3 - UD2,Nel NIST CSF i Framework Profile,"Possono essere visti come una fotografia dello stato corrente (o in un dato scenario di implementazione) di standard, linee guida e pratiche dell’organizzazione in relazione al Framework Core.",VERO
M3 - UD2,Nel NIST CSF i Framework Profile,"Possono essere utilizzati per identificare le opportunità per migliorare la posizione di sicurezza informatica confrontando un profilo ""corrente"" (lo stato attuale) con un profilo ""target"" (lo stato come lo si vorrebbe).",VERO
M3 - UD2,Nel NIST CSF i Framework Profile,"Possono essere sviluppati all’interno di un'organizzazione attraverso la revisione di tutte le Categorie e Sottocategorie e, sulla base di fattori di business/missione e di una valutazione del rischio, determinare quali sono più importanti, aggiungendo Categorie e Sottocategorie e utilizzando il profilo corrente per supportare la definizione delle priorità e la misurazione dei progressi verso il profilo target.",VERO
M3 - UD2,Nel NIST CSF i Framework Profile,I Profili racchiudono al loro interno gli obiettivi organizzativi in relazione al business ma non possono in nessun modo influenzare gli investimenti aziendali.,FALSO
M3 - UD2,Nel NIST CSF i Framework Profile,I Profili racchiuodono al loro interno la propensione al rischio dell’organizzazione in relazione alle minacce ambientali.,VERO
M3 - UD2,Nel NIST CSF i Framework Profile,I Profili racchiudono al loro interno i requisiti ma non le risorse in relazione ai risultati desiderati del Core.,FALSO
M3 - UD2,"Nel NIST CSF i livelli di implementazione del framework (""Tier"") (Variante A)",Forniscono un contesto su come un'organizzazione considera il rischio di sicurezza informatica e i processi in atto per gestirlo,VERO
M3 - UD2,"Nel NIST CSF i livelli di implementazione del framework (""Tier"") (Variante A)","Descrivono il grado in cui le pratiche di gestione del rischio di sicurezza informatica di un'organizzazione esibiscono le caratteristiche definite nel Framework (ad esempio, consapevole del rischio e delle minacce, ripetibile e adattivo)",VERO
M3 - UD2,"Nel NIST CSF i livelli di implementazione del framework (""Tier"") (Variante A)","Caratterizzano le pratiche di un'organizzazione in un intervallo, da Parziale (Tier 1) ad Adattativo (Tier 5)",FALSO
M3 - UD2,"Nel NIST CSF i livelli di implementazione del framework (""Tier"") (Variante A)",Riflettono una progressione da risposte informali e reattive (Tier 1) ad approcci agili e informati sui rischi (Tier 5),FALSO
M3 - UD2,"Nel NIST CSF i livelli di implementazione del framework (""Tier"") (Variante A)","Durante il processo di selezione del livello, un'organizzazione dovrebbe considerare le sue attuali pratiche di gestione del rischio, l'ambiente delle minacce, i requisiti legali e normativi, gli obiettivi aziendali/della missione e i vincoli organizzativi",VERO
M3 - UD2,"Nel NIST CSF i livelli di implementazione del framework (""Tier"") (Variante A)","Sono valutati considerando tre parametri che permettono di verificare il livello di sviluppo del Processo di Gestione del Rischio (1), l’Integrazione del Programma di Gestione del Rischio (2) all’interno della realtà aziendale e la capacità dell’organizzazione di partecipare ad un ecosistema di gestione del rischio più ampio della singola realtà aziendale (3)",VERO
M3 - UD2,"Nel NIST CSF i livelli di implementazione del framework (""Tier"") (Variante B)",Forniscono un contesto su come un'organizzazione considera il rischio di sicurezza informatica e i processi in atto per gestirlo,VERO
M3 - UD2,"Nel NIST CSF i livelli di implementazione del framework (""Tier"") (Variante B)",Descrivono il grado in cui le pratiche di gestione del rischio di sicurezza informatica di un'organizzazione esibiscono le caratteristiche definite nel Framework,VERO
M3 - UD2,"Nel NIST CSF i livelli di implementazione del framework (""Tier"") (Variante B)","Caratterizzano le pratiche di un'organizzazione in un intervallo, da Parziale (Tier 1) ad Adattativo (Tier 5)",FALSO
M3 - UD2,"Nel NIST CSF i livelli di implementazione del framework (""Tier"") (Variante B)",Riflettono una progressione da risposte informali e reattive (Tier 1) ad approcci agili e informati sui rischi (Tier 5),FALSO
M3 - UD2,"Nel NIST CSF i livelli di implementazione del framework (""Tier"") (Variante B)","Sono selezionati da un'organizzazione considerando le sue attuali pratiche di gestione del rischio, l'ambiente delle minacce, i requisiti legali e normativi, gli obiettivi aziendali/della missione e i vincoli organizzativi",VERO
M3 - UD2,"Nel NIST CSF i livelli di implementazione del framework (""Tier"") (Variante B)","Sono valutati considerando tre parametri che permettono di verificare il livello di sviluppo del Processo di Gestione del Rischio (1), l’Integrazione del Programma di Gestione del Rischio (2) all’interno della realtà aziendale e la capacità dell’organizzazione di partecipare ad un ecosistema di gestione del rischio più ampio della singola realtà aziendale (3)",VERO
M3 - UD2,Nel NIST CSF il Coordinamento dell’implementazione del Framework,"Il livello esecutivo (A) comunica le priorità della missione, le risorse disponibili e la tolleranza complessiva al rischio al livello di business/processo (B)",VERO
M3 - UD2,Nel NIST CSF il Coordinamento dell’implementazione del Framework,"Il livello aziendale di business/processo (B) utilizza le informazioni come input nel processo di gestione del rischio; quindi, collabora con il livello di implementazione/operativo (C) per comunicare le esigenze aziendali e creare un profilo",VERO
M3 - UD2,Nel NIST CSF il Coordinamento dell’implementazione del Framework,Il livello di implementazione/operativo (C) comunica l'avanzamento dell'implementazione del Profilo al livello di business/processo (B),VERO
M3 - UD2,Nel NIST CSF il Coordinamento dell’implementazione del Framework,Il livello aziendale/di processo (B) utilizza queste informazioni (Domanda 3) per eseguire una valutazione d'impatto,VERO
M3 - UD2,Nel NIST CSF il Coordinamento dell’implementazione del Framework,La gestione del livello business/processo (B) riporta i risultati di tale valutazione d'impatto (Domanda 4) al livello esecutivo (A) per informare il processo complessivo di gestione del rischio dell'organizzazione e al livello di implementazione/operativo (C) per le modifiche al processo,FALSO
M3 - UD2,Nel NIST CSF il Coordinamento dell’implementazione del Framework,"L'implementazione del Framework è coordinata su tre livelli all'interno dell'organizzazione: esecutivo (A), business/processo (B) e implementazione/operativo (C).",VERO
M3 - UD2,Nel NIST CSF il Framework Core,"È un insieme di attività di sicurezza informatica, risultati desiderati e riferimenti applicabili comuni a tutti i settori delle infrastrutture critiche (e per le altre organizzazioni).",VERO
M3 - UD2,Nel NIST CSF il Framework Core,"Presenta standard, linee guida e pratiche del settore che consentono la comunicazione di attività e risultati inerenti alla sicurezza informatica in tutta l'organizzazione dal livello manageriale sino a livello dell’implementazione e delle operations.",VERO
M3 - UD2,Nel NIST CSF il Framework Core,"È costituito da cinque funzioni concorrenti e continue: Identifica, Proteggi, Rileva, Rispondi, Recupera.",VERO
M3 - UD2,Nel NIST CSF il Framework Core,"È costituito da quattro funzioni concorrenti e continue: Identifica, Proteggi, Rileva, Rispondi.",FALSO
M3 - UD2,Nel NIST CSF il Framework Core,"Identifica le categorie e le sottocategorie chiave sottostanti per ciascuna funzione e le abbina a riferimenti informativi di esempio come standard, linee guida e pratiche esistenti per ciascuna sottocategoria.",VERO
M3 - UD2,Nel NIST CSF il Framework Core,"Identifica le categorie e le abbina direttamente ai riferimenti informativi di esempio come standard, linee guida e pratiche esistenti per ciascuna sottocategoria.",FALSO
M3 - UD2,Nel NIST CSF il Supply Chain Risk Management (SCRM),Affronta sia l'effetto di sicurezza informatica che un'organizzazione ha sulle parti esterne sia l'effetto di sicurezza informatica che le parti esterne hanno su un'organizzazione,VERO
M3 - UD2,Nel NIST CSF il Supply Chain Risk Management (SCRM),Può includere le attività di determinazione dei requisiti di sicurezza informatica per i fornitori,VERO
M3 - UD2,Nel NIST CSF il Supply Chain Risk Management (SCRM),Può includere le attività di attuazione dei requisiti di sicurezza informatica attraverso accordi formali (ad es. contratti),VERO
M3 - UD2,Nel NIST CSF il Supply Chain Risk Management (SCRM),È l'insieme delle attività necessarie per gestire il rischio di sicurezza informatica associato solamente ai fornitori,FALSO
M3 - UD2,Nel NIST CSF il Supply Chain Risk Management (SCRM),Può includere le attività di verifica che i requisiti di sicurezza informatica dei fornitori siano soddisfatti attraverso una varietà di metodologie di valutazione,VERO
M3 - UD2,Nel NIST CSF il Supply Chain Risk Management (SCRM),Può includere le attività di comunicazione ai clienti di come saranno verificati e convalidati i requisiti di sicurezza dei prodotti realizzati,FALSO
M3 - UD2,"Nel Tier ""Consapevole"" del NIST CSF",Le pratiche di gestione del rischio sono approvate dalla direzione ma potrebbero non essere stabilite come politica a livello di organizzazione,VERO
M3 - UD2,"Nel Tier ""Consapevole"" del NIST CSF",Le pratiche di gestione del rischio dell'organizzazione sono formalmente approvate ed espresse come policy,FALSO
M3 - UD2,"Nel Tier ""Consapevole"" del NIST CSF","Le politiche, i processi e le procedure informative sui rischi sono definiti, implementati come previsto e riesaminati",FALSO
M3 - UD2,"Nel Tier ""Consapevole"" del NIST CSF",Non è stato stabilito un approccio a livello di organizzazione alla gestione del rischio di sicurezza informatica,VERO
M3 - UD2,"Nel Tier ""Consapevole"" del NIST CSF",L'organizzazione comprende il proprio ruolo nell'ecosistema più ampio rispetto ai rapporti dipendenti o di dipendenza ma non a entrambi,VERO
M3 - UD2,"Nel Tier ""Consapevole"" del NIST CSF",L'organizzazione comprende completamente il proprio ruolo nel suo ecosistema e contribuisce alla comprensione dei rischi verso l'esterno,FALSO
M3 - UD2,"Nell'Area Tematica dei Requisiti ISO 27001 ""Leadership""",Si richiede che l'alta direzione debba dimostrare leadership e impegno in relazione al sistema di gestione della sicurezza delle informazioni.,VERO
M3 - UD2,"Nell'Area Tematica dei Requisiti ISO 27001 ""Leadership""",Si richiede che l'alta direzione debba dimostrare leadership e impegno in relazione allo sviluppo del sistema informativo.,FALSO
M3 - UD2,"Nell'Area Tematica dei Requisiti ISO 27001 ""Leadership""",Si richiede che l'alta direzione deve dimostrare leadership e impegno per assicurare che siano disponibili le risorse necessarie per il sistema di gestione della sicurezza delle informazioni.,VERO
M3 - UD2,"Nell'Area Tematica dei Requisiti ISO 27001 ""Leadership""",L'alta direzione deve stabilire una politica di sicurezza delle informazioni che sia adeguata allo scopo dell'organizzazione.,VERO
M3 - UD2,"Nell'Area Tematica dei Requisiti ISO 27001 ""Leadership""",L'alta direzione deve garantire che le responsabilità e le autorità per i ruoli rilevanti per le informazioni di sicurezza vengono assegnate e comunicate all'interno dell'organizzazione.,VERO
M3 - UD2,"Nell'Area Tematica dei Requisiti ISO 27001 ""Leadership""",L'alta direzione deve garantire che le responsabilità e le autorità per i ruoli rilevanti per le informazioni di sicurezza vengono assegnate secondo criteri soggettivi.,FALSO
M3 - UD2,"Nell'Area Tematica dei Requisiti ISO 27001 ""Pianificazione""",L'organizzazione deve determinare i rischi e le opportunità che devono essere affrontati per garantire che il sistema di gestione della sicurezza delle informazioni possa raggiungere i risultati previsti.,VERO
M3 - UD2,"Nell'Area Tematica dei Requisiti ISO 27001 ""Pianificazione""","L'organizzazione deve determinare i rischi e le opportunità che devono essere affrontati per prevenire, o ridurre, effetti indesiderati nel raggiungimento dei risultati previsti.",VERO
M3 - UD2,"Nell'Area Tematica dei Requisiti ISO 27001 ""Pianificazione""",L'organizzazione deve determinare i rischi e le opportunità che devono essere affrontati per mantenere almeno costante il livello di sicurezza.,FALSO
M3 - UD2,"Nell'Area Tematica dei Requisiti ISO 27001 ""Pianificazione""",L'organizzazione deve definire e applicare un processo di valutazione del rischio per la sicurezza delle informazioni che stabilisce e aggiorna i criteri di rischio per la sicurezza delle informazioni.,VERO
M3 - UD2,"Nell'Area Tematica dei Requisiti ISO 27001 ""Pianificazione""","L'organizzazione deve definire e applicare un processo di valutazione del rischio per la sicurezza delle informazioni in maniera indipendente, senza prendere in considerazioni altre normative come il GDPR.",FALSO
M3 - UD2,"Nell'Area Tematica dei Requisiti ISO 27001 ""Pianificazione""","L'organizzazione deve determinare i rischi e le opportunità che garantisce che ripetute valutazioni del rischio per la sicurezza delle informazioni producano risultati coerenti, validi e comparabili.",VERO
M3 - UD2,Nella revisione 2022 del documento ISO 27001:,"Il nuovo nome è: ""Information security, cybersecurity and breach protection-Information security management systems-Requirements""",FALSO
M3 - UD2,Nella revisione 2022 del documento ISO 27001:,"Il nuovo nome è: ""Information security, cybersecurity and privacy protection-Information security management systems-Requirements""",VERO
M3 - UD2,Nella revisione 2022 del documento ISO 27001:,Un certo numero di controlli è rimasto invariato,VERO
M3 - UD2,Nella revisione 2022 del documento ISO 27001:,Molti controlli sono stati accorpati,VERO
M3 - UD2,Nella revisione 2022 del documento ISO 27001:,Nessun controllo è effettivamente nuovo,FALSO
M3 - UD2,Nella revisione 2022 del documento ISO 27001:,Oltre il 50% di controlli sono nuovi,FALSO
M3 - UD2,NIST Special Publication 800-53 Rev. 5,"Fornisce un catalogo di controlli di sicurezza e privacy per i sistemi informativi e le organizzazioni per proteggere le operazioni e le risorse organizzative, gli individui, le aziende e la nazione da una serie diversificata di minacce e rischi di varia natura.",VERO
M3 - UD2,NIST Special Publication 800-53 Rev. 5,"Fornisce un catalogo di controlli di sicurezza e privacy per i sistemi informativi e le aziende per proteggere le operations e le risorse organizzative, gli individui, le aziende e la nazione da minacce e rischi di varia natura.",VERO
M3 - UD2,NIST Special Publication 800-53 Rev. 5,"Sono un catalogo di controlli, ovvero contromisure, estratti direttamente e senza variazioni dal FISMA (Federal Information Security Modernization Act).",FALSO
M3 - UD2,NIST Special Publication 800-53 Rev. 5,Ha come titolo: “Security and Privacy Controls for Information Systems and Organizations”.,VERO
M3 - UD2,NIST Special Publication 800-53 Rev. 5,Ha come titolo: “Security Controls for Information Systems and Organizations”.,FALSO
M3 - UD2,NIST Special Publication 800-53 Rev. 5,Ha come titolo: “Security and Privacy Controls for the Government Information Systems”.,FALSO
M3 - UD2,Per cosa differiscono i sistemi di controllo e automazione industriale (IACS) rispetto ai sistemi IT?,"I sistemi IACS mirano a controllare e automatizzare processi fisici, i sistemi IT, invece, si concentrano sulla gestione dell'informazione e della comunicazione",VERO
M3 - UD2,Per cosa differiscono i sistemi di controllo e automazione industriale (IACS) rispetto ai sistemi IT?,"I sistemi IACS hanno un funzionamento real time e deterministico, quasi mai i sistemi IT hanno caratteristiche così stringenti.",VERO
M3 - UD2,Per cosa differiscono i sistemi di controllo e automazione industriale (IACS) rispetto ai sistemi IT?,I sistemi IACS hanno sistemi operativi standard MS Windows a Linux i sistemi IT solamente MS Windows,FALSO
M3 - UD2,Per cosa differiscono i sistemi di controllo e automazione industriale (IACS) rispetto ai sistemi IT?,"I rischi di Cybersecurity relativi agli IACS possono riguardare la business continuity e la safety, i sistemi IT hanno come rischi primari la perdita della triade CIA",VERO
M3 - UD2,Per cosa differiscono i sistemi di controllo e automazione industriale (IACS) rispetto ai sistemi IT?,"I sistemi IACS necessitano di hardware industriale dedicato e specifico, almento per la parte di controllo, i sistemi di IT utilizzano prevalentemente hardware di mercato",VERO
M3 - UD2,Per cosa differiscono i sistemi di controllo e automazione industriale (IACS) rispetto ai sistemi IT?,Gli ambienti di configurazione e i linguaggi di programmazione per entrambe le tipologie dei sistemi sono identici.,FALSO
M3 - UD2,Perché è stato realizzato lo standard IEC 62443?,"Perché all’interno di un’organizzazione esistono una molteplicità di sistemi intelligenti (dotati di CPU), rilevanti per la continuità del business, oltre ai comuni computer",VERO
M3 - UD2,Perché è stato realizzato lo standard IEC 62443?,Per avere solamente uno standard di sicurezza informatica all’interno delle aziende industriali,FALSO
M3 - UD2,Perché è stato realizzato lo standard IEC 62443?,Formalmente per realizzare un sistema di gestione in grado di affrontare e mitigare le vulnerabilità di sicurezza nei sistemi di controllo e automazione industriale (IACS),VERO
M3 - UD2,Perché è stato realizzato lo standard IEC 62443?,Perché gli standard di sicurezza informatica più diffusi non riescono a rispondere a tutti i paradigmi di funzionamento dei sistemi all’interno di un’organizzazione,VERO
M3 - UD2,Perché è stato realizzato lo standard IEC 62443?,Per avere uno standard con requisiti applicabili solamente nei reparti produttivi,FALSO
M3 - UD2,Perché è stato realizzato lo standard IEC 62443?,Per avere uno standard che permetta di proteggere i reparti produttivi da vettori d’attacco provenienti anche dalla rete office,VERO
M3 - UD2,Quale dei seguenti controlli ISO 27001:2022 sono stati creati a supporto della normativa GDPR?,Threat Intelligence,FALSO
M3 - UD2,Quale dei seguenti controlli ISO 27001:2022 sono stati creati a supporto della normativa GDPR?,Data masking,VERO
M3 - UD2,Quale dei seguenti controlli ISO 27001:2022 sono stati creati a supporto della normativa GDPR?,Data leakage prevention,VERO
M3 - UD2,Quale dei seguenti controlli ISO 27001:2022 sono stati creati a supporto della normativa GDPR?,Monitoring activities;,FALSO
M3 - UD2,Quale dei seguenti controlli ISO 27001:2022 sono stati creati a supporto della normativa GDPR?,ICT readiness for business continuity;,FALSO
M3 - UD2,Quale dei seguenti controlli ISO 27001:2022 sono stati creati a supporto della normativa GDPR?,Information deletion,VERO
M3 - UD2,Quale di queste aree non è un requisito di un ISMS ISO 27001 (Variante A),Contesto dell'Organizzazione,VERO
M3 - UD2,Quale di queste aree non è un requisito di un ISMS ISO 27001 (Variante A),Leadership,VERO
M3 - UD2,Quale di queste aree non è un requisito di un ISMS ISO 27001 (Variante A),Pianificazione,VERO
M3 - UD2,Quale di queste aree non è un requisito di un ISMS ISO 27001 (Variante A),Supporto,VERO
M3 - UD2,Quale di queste aree non è un requisito di un ISMS ISO 27001 (Variante A),Business Continuity,FALSO
M3 - UD2,Quale di queste aree non è un requisito di un ISMS ISO 27001 (Variante A),Data Security,FALSO
M3 - UD2,Quale di queste aree non è un requisito di un ISMS ISO 27001 (Variante B),Leadership,VERO
M3 - UD2,Quale di queste aree non è un requisito di un ISMS ISO 27001 (Variante B),Pianificazione,VERO
M3 - UD2,Quale di queste aree non è un requisito di un ISMS ISO 27001 (Variante B),Attività Operative,VERO
M3 - UD2,Quale di queste aree non è un requisito di un ISMS ISO 27001 (Variante B),Disaster Recovery,FALSO
M3 - UD2,Quale di queste aree non è un requisito di un ISMS ISO 27001 (Variante B),Supporto,VERO
M3 - UD2,Quale di queste aree non è un requisito di un ISMS ISO 27001 (Variante B),Data Entry,FALSO
M3 - UD2,Quali dei seguenti gruppi di norme fanno parte della famiglia degli Standard ISO/IEC 27000?,Norme che descrivono una panoramica e la terminologia o vocabolario.,VERO
M3 - UD2,Quali dei seguenti gruppi di norme fanno parte della famiglia degli Standard ISO/IEC 27000?,Norme che specificano i requisiti.,VERO
M3 - UD2,Quali dei seguenti gruppi di norme fanno parte della famiglia degli Standard ISO/IEC 27000?,Norme che identificano i processi.,FALSO
M3 - UD2,Quali dei seguenti gruppi di norme fanno parte della famiglia degli Standard ISO/IEC 27000?,Norme che descrivono le linee guida dettagliate.,FALSO
M3 - UD2,Quali dei seguenti gruppi di norme fanno parte della famiglia degli Standard ISO/IEC 27000?,Norme che descrivono le linee guida negli specifici ambiti/settori.,VERO
M3 - UD2,Quali dei seguenti gruppi di norme fanno parte della famiglia degli Standard ISO/IEC 27000?,Norme aggiunte che descrivono delle direttive specializzate.,VERO
M3 - UD2,Quali dei seguenti sono Foundational Requirements secondo ISA/IEC 62443,Identification and Authentication Control (IAC).,VERO
M3 - UD2,Quali dei seguenti sono Foundational Requirements secondo ISA/IEC 62443,User Controller (UCR).,FALSO
M3 - UD2,Quali dei seguenti sono Foundational Requirements secondo ISA/IEC 62443,System Integrity (SI).,VERO
M3 - UD2,Quali dei seguenti sono Foundational Requirements secondo ISA/IEC 62443,Data Confidentiality (DC).,VERO
M3 - UD2,Quali dei seguenti sono Foundational Requirements secondo ISA/IEC 62443,Restrict Data Flow (RDF).,VERO
M3 - UD2,Quali dei seguenti sono Foundational Requirements secondo ISA/IEC 62443,Resource Providing (RP).,FALSO
M3 - UD2,Quali dei seguenti sono gli elementi di valutazione dei Tier (I Livelli di implementazione) del NIST CSF?,Processo di gestione del rischio,VERO
M3 - UD2,Quali dei seguenti sono gli elementi di valutazione dei Tier (I Livelli di implementazione) del NIST CSF?,Livello tecnologico,FALSO
M3 - UD2,Quali dei seguenti sono gli elementi di valutazione dei Tier (I Livelli di implementazione) del NIST CSF?,Programma integrato di gestione del rischio,VERO
M3 - UD2,Quali dei seguenti sono gli elementi di valutazione dei Tier (I Livelli di implementazione) del NIST CSF?,Valutazione del rischio effettivo,FALSO
M3 - UD2,Quali dei seguenti sono gli elementi di valutazione dei Tier (I Livelli di implementazione) del NIST CSF?,Valutazione della resilienza in relazione alla Business Continuity,FALSO
M3 - UD2,Quali dei seguenti sono gli elementi di valutazione dei Tier (I Livelli di implementazione) del NIST CSF?,Partecipazione esterna,VERO
M3 - UD2,Quali delle seguenti sono Aree di Controllo secondo ISO 27001 2013?,Politiche per la sicurezza delle informazioni.,VERO
M3 - UD2,Quali delle seguenti sono Aree di Controllo secondo ISO 27001 2013?,Organizzazione della sicurezza delle informazioni.,VERO
M3 - UD2,Quali delle seguenti sono Aree di Controllo secondo ISO 27001 2013?,Sicurezza del personale.,VERO
M3 - UD2,Quali delle seguenti sono Aree di Controllo secondo ISO 27001 2013?,Gestione dell'infrastruttura di rete.,FALSO
M3 - UD2,Quali delle seguenti sono Aree di Controllo secondo ISO 27001 2013?,"Controllo degli accessi ""fisici"" ai sistemi, agli asset e gli apparati.",FALSO
M3 - UD2,Quali delle seguenti sono Aree di Controllo secondo ISO 27001 2013?,Crittografia.,VERO
M3 - UD2,Quali delle seguenti sono Aree di Controllo secondo ISO 27001 2013?,(Variante B) Sicurezza logica e ambientale.,FALSO
M3 - UD2,Quali delle seguenti sono Aree di Controllo secondo ISO 27001 2013?,(Variante B) Sicurezza delle attività operative.,VERO
M3 - UD2,Quali delle seguenti sono Aree di Controllo secondo ISO 27001 2013?,(Variante B) Sicurezza delle reti e dei sistemi di comunicazione.,VERO
M3 - UD2,Quali delle seguenti sono Aree di Controllo secondo ISO 27001 2013?,"(Variante B) Acquisizione, sviluppo e manutenzione dei sistemi.",VERO
M3 - UD2,Quali delle seguenti sono Aree di Controllo secondo ISO 27001 2013?,(Variante B) Gestione della catena di fornitura.,FALSO
M3 - UD2,Quali delle seguenti sono Aree di Controllo secondo ISO 27001 2013?,(Variante B) Gestione degli incidenti relativi alla sicurezza delle informazioni.,VERO
M3 - UD2,Quali delle seguenti sono aree tematiche dei requisiti di un ISMS secondo ISO/IEC 27001:2022?,Context of the organization (Comprensione del contesto dell'organizzazione),VERO
M3 - UD2,Quali delle seguenti sono aree tematiche dei requisiti di un ISMS secondo ISO/IEC 27001:2022?,"Leadership (Leadership, coinvolgimento e focalizzazione del top management su CS)",VERO
M3 - UD2,Quali delle seguenti sono aree tematiche dei requisiti di un ISMS secondo ISO/IEC 27001:2022?,Planning (Corretta pianificazione delle operations di CS),VERO
M3 - UD2,Quali delle seguenti sono aree tematiche dei requisiti di un ISMS secondo ISO/IEC 27001:2022?,Supporto Tecnico (Disponibilità del reparto tecnico di supporto),FALSO
M3 - UD2,Quali delle seguenti sono aree tematiche dei requisiti di un ISMS secondo ISO/IEC 27001:2022?,"Operation (Attività operative: pianificazione e controllo, valutazione del rischio...)",VERO
M3 - UD2,Quali delle seguenti sono aree tematiche dei requisiti di un ISMS secondo ISO/IEC 27001:2022?,Performance Evaluation (Monitoraggio e Audit delle prestazioni di CS),VERO
M3 - UD2,Quali delle seguenti sono le principali differenze tra NIST Cyber Security Framework e ISO 27001,"Il NIST è stato creato principalmente per la gestione del rischio sulle informazioni, ISO 27001 è invece un approccio riconosciuto a livello internazionale per la creazione e il mantenimento di un ISMS",VERO
M3 - UD2,Quali delle seguenti sono le principali differenze tra NIST Cyber Security Framework e ISO 27001,"ISO 27001 è volontario, mentre il NIST CSF prevede la certificazione",FALSO
M3 - UD2,Quali delle seguenti sono le principali differenze tra NIST Cyber Security Framework e ISO 27001,"Il framework NIST CSF ha vari cataloghi di controllo e cinque funzioni per personalizzare i controlli di sicurezza informatica, mentre ISO 27001: 2022 ha 93 controlli organizzati in 4 gruppi per guidare le organizzazioni attraverso i loro ISMS",VERO
M3 - UD2,Quali delle seguenti sono le principali differenze tra NIST Cyber Security Framework e ISO 27001,"La ISO 27001 è meno tecnica, con maggiore enfasi sulla gestione basata sul rischio",VERO
M3 - UD2,Quali delle seguenti sono le principali differenze tra NIST Cyber Security Framework e ISO 27001,"La ISO 27001 è più tecnica, con minore enfasi sulla gestione basata sul rischio",FALSO
M3 - UD2,Quali delle seguenti sono le principali differenze tra NIST Cyber Security Framework e ISO 27001,"La ISO 27001 è una buona scelta per certificare le organizzazioni che hanno maturità operativa, mentre il NIST CSF può essere più adatto per le organizzazioni che si trovano nelle fasi iniziali dello sviluppo di un programma di rischio per la sicurezza informatica",VERO
M3 - UD2,Secondo ISA/IEC 62443 i requisiti di un CSMS (Cybersecurity Management System),Sono definiti nel livello 2 della serie di standard,VERO
M3 - UD2,Secondo ISA/IEC 62443 i requisiti di un CSMS (Cybersecurity Management System),Sono raggruppati in elementi ulteriormente raccolti in categorie e ancora in macro-categorie,VERO
M3 - UD2,Secondo ISA/IEC 62443 i requisiti di un CSMS (Cybersecurity Management System),Sono raggruppati in livelli e sottolivelli di controlli,FALSO
M3 - UD2,Secondo ISA/IEC 62443 i requisiti di un CSMS (Cybersecurity Management System),Sono raggruppati in elementi che contengono i possibili risultati ottenibili dall'utilizzo dei requisiti,FALSO
M3 - UD2,Secondo ISA/IEC 62443 i requisiti di un CSMS (Cybersecurity Management System),"Sono raggruppati in elementi che posseggono Obiettivi, Fondamenti Logici e Descrizioni",VERO
M3 - UD2,Secondo ISA/IEC 62443 i requisiti di un CSMS (Cybersecurity Management System),"Sono suddivisi inizialmente in tre macrocategorie (Analizzare il Rischio, Indirizzare il Rischio e Monitorare e Migliorare il Rischio di un CSMS)",VERO
M3 - UD2,Secondo ISO 27002 2013 un Obiettivo di Controllo è,È la dichiarazione di cosa si vuole raggiungere.,VERO
M3 - UD2,Secondo ISO 27002 2013 un Obiettivo di Controllo è,È il controllo stesso.,FALSO
M3 - UD2,Secondo ISO 27002 2013 un Obiettivo di Controllo è,È la descrizione estesa della finalità dello specifico controllo.,VERO
M3 - UD2,Secondo ISO 27002 2013 un Obiettivo di Controllo è,È di fatto la Categoria del Controllo.,FALSO
M3 - UD2,Secondo ISO 27002 2013 un Obiettivo di Controllo è,È l’appropriata contromisura in esame.,FALSO
M3 - UD2,Secondo ISO 27002 2013 un Obiettivo di Controllo è,Nessuno dei precedenti.,FALSO
M3 - UD2,Secondo ISO 27002 2013 una Categoria di Controllo è,Il controllo stesso.,FALSO
M3 - UD2,Secondo ISO 27002 2013 una Categoria di Controllo è,È la dichiarazione estesa dell’obiettivo che si vuole raggiungere.,VERO
M3 - UD2,Secondo ISO 27002 2013 una Categoria di Controllo è,È di fatto l’Area del Controllo.,FALSO
M3 - UD2,Secondo ISO 27002 2013 una Categoria di Controllo è,È l’appropriata contromisura in esame.,FALSO
M3 - UD2,Secondo ISO 27002 2013 una Categoria di Controllo è,È la descrizione della finalità dello specifico controllo.,VERO
M3 - UD2,Secondo ISO 27002 2013 una Categoria di Controllo è,Uno dei tre livelli dello schema con cui sono strutturati i controlli.,VERO
M3 - UD2,Un ISMS per ISO/IEC 27000 è un insieme di regole che un'azienda deve stabilire per:,Identificare gli stakeholder e le loro aspettative nei confronti dell'azienda in termini di sicurezza delle informazioni,VERO
M3 - UD2,Un ISMS per ISO/IEC 27000 è un insieme di regole che un'azienda deve stabilire per:,Identificare quali rischi logici e fisici esistono per le persone all'interno dell'organizzazione,FALSO
M3 - UD2,Un ISMS per ISO/IEC 27000 è un insieme di regole che un'azienda deve stabilire per:,Definire i controlli e altri metodi di mitigazione per soddisfare le aspettative (al punto 1) identificate e gestire i rischi,VERO
M3 - UD2,Un ISMS per ISO/IEC 27000 è un insieme di regole che un'azienda deve stabilire per:,Fissare obiettivi qualitativi e generici su ciò che deve essere raggiunto con la sicurezza delle informazioni,FALSO
M3 - UD2,Un ISMS per ISO/IEC 27000 è un insieme di regole che un'azienda deve stabilire per:,Misurare continuamente che i controlli implementati siano effettivamente efficaci,VERO
M3 - UD2,Un ISMS per ISO/IEC 27000 è un insieme di regole che un'azienda deve stabilire per:,Migliorare continuativamente la postura dell'organizzazione relativamente alle problematiche di Cybersecurity,VERO
M3 - UD2,Un Sistema di Gestione della Cybersecurity,"Serve a definire processi, ruoli e misure per proteggere le informazioni e i sistemi aziendali",VERO
M3 - UD2,Un Sistema di Gestione della Cybersecurity,Deve essere aggiornato e migliorato in modo continuo per restare efficace contro nuove minacce,VERO
M3 - UD2,Un Sistema di Gestione della Cybersecurity,"Si concentra esclusivamente sulla protezione delle reti informatiche, senza considerare persone e processi.",FALSO
M3 - UD2,Un Sistema di Gestione della Cybersecurity,Elimina completamente ogni rischio di attacco informatico,FALSO
M3 - UD2,Un Sistema di Gestione della Cybersecurity,Può essere conforme a standard internazionali come la ISO/IEC 27001,VERO
M3 - UD2,Un Sistema di Gestione della Cybersecurity,La sola realizzazione permette di essere conforme con le normative internazionali,FALSO
M3 - UD2,Un Sistema di Gestione della Sicurezza delle Informazioni (ISMS),E' un insieme di regole che un'azienda deve stabilire nell'ambito della cybersecurity utilizzando o meno uno standard di riferimento,VERO
M3 - UD2,Un Sistema di Gestione della Sicurezza delle Informazioni (ISMS),Deve necessariamente identificare gli stakeholder e le loro aspettative nei confronti dell'azienda in termini di sicurezza delle informazioni,VERO
M3 - UD2,Un Sistema di Gestione della Sicurezza delle Informazioni (ISMS),Deve Identificare gli asset dell'azienda o dell'organizzazione e quali rischi esistono per le informazioni,VERO
M3 - UD2,Un Sistema di Gestione della Sicurezza delle Informazioni (ISMS),Deve essere progettato con criteriti di security by design in modo che si possa mantenere inalterato il più possibile nel tempo,FALSO
M3 - UD2,Un Sistema di Gestione della Sicurezza delle Informazioni (ISMS),Deve selezionare le contromisure necessarie (organizzative o tecnologiche) per mitigare il rischio di cybersecurity,VERO
M3 - UD2,Un Sistema di Gestione della Sicurezza delle Informazioni (ISMS),"Può adottare lo standard ISO 27000 e deve, qundi, obbligatoriamente certificarsi",FALSO
M3 - UD2,Zone e conduit secondo ISA/IEC 62443,Sono elementi chiave per la segmentazione della rete e la gestione della sicurezza negli ambienti di controllo industriale,VERO
M3 - UD2,Zone e conduit secondo ISA/IEC 62443,Sono elementi chiave per la segmentazione della rete e la gestione della sicurezza anche fuori dagli ambiti industriali,VERO
M3 - UD2,Zone e conduit secondo ISA/IEC 62443,"Aiutano a ridurre l'impatto di eventuali violazioni della sicurezza, limitando la propagazione di attacchi.",VERO
M3 - UD2,Zone e conduit secondo ISA/IEC 62443,"Sono definiti mediante un approccio basato sul rischio, valutando cioè le minacce e i potenziali impatti di ogni area",VERO
M3 - UD2,Zone e conduit secondo ISA/IEC 62443,Sono definiti mediante un approccio basato unicamente sul rischio di perdita dei dati sensibili,FALSO
M3 - UD2,Zone e conduit secondo ISA/IEC 62443,Sono definiti indipendentemente dall' inventario degli asset e dei loro ruoli all'interno delle rete industriale.,FALSO
M3 - UD3,CERT-UE secondo la Direttiva NIS,"È la squadra di pronto intervento informatico per le istituzioni, gli organi e le agenzie dell'UE",VERO
M3 - UD3,CERT-UE secondo la Direttiva NIS,Comprende un gruppo di esperti in sicurezza informatica provenienti dalle istituzioni e dagli organi dell'UE,VERO
M3 - UD3,CERT-UE secondo la Direttiva NIS,Può avere funzioni di polizia giudiziaria anche nelle giurisdizioni dei singoli paesi,FALSO
M3 - UD3,CERT-UE secondo la Direttiva NIS,"Raccoglie, gestisce, analizza e condivide informazioni con le istituzioni, gli organi e gli agenzie dell'UE in merito a minacce, vulnerabilità e incidenti riguardanti le infrastrutture TIC non classificate (non segrete)",VERO
M3 - UD3,CERT-UE secondo la Direttiva NIS,"Raccoglie, gestisce, analizza e condivide informazioni con le istituzioni, gli organi e gli agenzie dell'UE in merito a minacce, vulnerabilità e incidenti riguardanti tutte le aziende",FALSO
M3 - UD3,CERT-UE secondo la Direttiva NIS,"Coordina le risposte agli incidenti a livello interistituzionale e istituzionale, ad esempio fornendo o ordinando la fornitura di assistenza operativa specializzata",VERO
M3 - UD3,Chi sono i DSP (Digital Service Providers) secondo la Direttiva NIS?,Cloud Computing Services,VERO
M3 - UD3,Chi sono i DSP (Digital Service Providers) secondo la Direttiva NIS?,Cloud Virtual Machines,FALSO
M3 - UD3,Chi sono i DSP (Digital Service Providers) secondo la Direttiva NIS?,Online Market Places,VERO
M3 - UD3,Chi sono i DSP (Digital Service Providers) secondo la Direttiva NIS?,Online Search Engines,VERO
M3 - UD3,Chi sono i DSP (Digital Service Providers) secondo la Direttiva NIS?,Online products e-commerce,FALSO
M3 - UD3,Chi sono i DSP (Digital Service Providers) secondo la Direttiva NIS?,Online people recruitments,FALSO
M3 - UD3,Enisa secondo il Regolamento (UE) 2019/881,"È l’Agenzia dell’Unione europea per la cibersicurezza, e la certificazione della cibersicurezza per le tecnologie dell’informazione e della comunicazione",VERO
M3 - UD3,Enisa secondo il Regolamento (UE) 2019/881,"Agisce attraverso le sotto-Agenzie, dell’Agenzia stessa, che verranno create al livello si singoli Stati membri",FALSO
M3 - UD3,Enisa secondo il Regolamento (UE) 2019/881,"Ha lo scopo di conseguire un elevato livello comune di cibersicurezza in tutta l’Unione, anche sostenendo attivamente gli Stati membri, le istituzioni, gli organi e gli organismi dell’Unione nel miglioramento della cibersicurezza",VERO
M3 - UD3,Enisa secondo il Regolamento (UE) 2019/881,"Funge da punto di riferimento per pareri e competenze in materia di cibersicurezza per le istituzioni, gli organi e gli organismi dell’Unione nonché per altri portatori di interessi pertinenti dell’Unione",VERO
M3 - UD3,Enisa secondo il Regolamento (UE) 2019/881,Sfrutta solo risorse esterne presenti in altre organizzazioni europee,FALSO
M3 - UD3,Enisa secondo il Regolamento (UE) 2019/881,"Non si occupa direttamente di stabilire le misure per la riconciliazione delle disposizioni legislative, regolamentari e amministrative degli Stati membri relative alla cibersicurezza",FALSO
M3 - UD3,I Data Breach,"Sono violazioni di sicurezza che comportano la distruzione, la perdita, la modifica, la divulgazione non autorizzata o l’accesso ai dati personali trasmessi, conservati o comunque trattati",VERO
M3 - UD3,I Data Breach,"Sono violazioni dei dati personali che possono compromettere la riservatezza, l’integrità o la disponibilità di dati personali",VERO
M3 - UD3,I Data Breach,"Possono essere, ad esempio, gli accessi o le acquisizioni dei dati da parte di terzi non autorizzati",VERO
M3 - UD3,I Data Breach,"Possono essere, ad esempio, i furti o le perdite di dispositivi informatici contenenti dati personali",VERO
M3 - UD3,I Data Breach,"Possono essere, ad esempio, le impossibilità di accedere ai dati per aver dimenticato o perso le credenziali",FALSO
M3 - UD3,I Data Breach,"Possono essere, ad esempio, le deliberate alterazione di dati personali",VERO
M3 - UD3,I principali elementi che differenziano la prima edizione della NIS e NIS2 sono,Viene eliminata la distinzione tra fornitori di servizi essenziali e fornitori di servizi digitali,VERO
M3 - UD3,I principali elementi che differenziano la prima edizione della NIS e NIS2 sono,Le aziende vengono classificate in essenziali e importanti a seconda della criticità dei servizi che offrono,VERO
M3 - UD3,I principali elementi che differenziano la prima edizione della NIS e NIS2 sono,Le regole di ingaggio sono modificate: le aziende e le organizzazioni devono registrarsi per verificare se rientrano nel perimetro della normativa,VERO
M3 - UD3,I principali elementi che differenziano la prima edizione della NIS e NIS2 sono,L'ambito di applicazione viene fortemente ampliato attraverso l'introduzione di una nuova tassonomia,FALSO
M3 - UD3,I principali elementi che differenziano la prima edizione della NIS e NIS2 sono,L'ambito di applicazione non viene modificato ma vengono introdotti nuovi limiti dimensionali per le aziende e organizzazioni,FALSO
M3 - UD3,I principali elementi che differenziano la prima edizione della NIS e NIS2 sono,Viene introdotto l'obiettivo strategico di rafforzare la sicurezza informatica lungo tutta la catena di approvvigionamento,VERO
M3 - UD3,I Soggetti Essenziali e Importanti secondo la direttiva NIS 2,Sono contenuti nell'insieme dei soggetti che costituiscono l'Ambito di Applicazione del Decreto Legge 138,VERO
M3 - UD3,I Soggetti Essenziali e Importanti secondo la direttiva NIS 2,"Sono soggetti che operano in settori considerati ad alta criticità oppure entità che operano in settori critici ma non ad alta criticità, fornendo servizi che, se interrotti, potrebbero avere conseguenze significative.",VERO
M3 - UD3,I Soggetti Essenziali e Importanti secondo la direttiva NIS 2,Sono soggetti che devono essere qualificati dall'Agenzia Nazionale di Cybersicurezza (ACN),VERO
M3 - UD3,I Soggetti Essenziali e Importanti secondo la direttiva NIS 2,Sono differenziati anche per le caratteristiche dimensionali delle aziende,VERO
M3 - UD3,I Soggetti Essenziali e Importanti secondo la direttiva NIS 2,Non sono differenziati per le caratteristiche dimensionali della azienda,FALSO
M3 - UD3,I Soggetti Essenziali e Importanti secondo la direttiva NIS 2,Sono tutti i soggetti che superano i massimali di fatturato per le medie imprese ovvero i 50 milioni Euro,FALSO
M3 - UD3,"Il ""Titolare del Trattamento"" secondo il Regolamento Europeo 2016/679 GDPR:",Può essere un'azienda,VERO
M3 - UD3,"Il ""Titolare del Trattamento"" secondo il Regolamento Europeo 2016/679 GDPR:",Può essere un'organizzazione in genere,VERO
M3 - UD3,"Il ""Titolare del Trattamento"" secondo il Regolamento Europeo 2016/679 GDPR:",Può essere un'autorità pubblica o organo o istituzione dello stato,VERO
M3 - UD3,"Il ""Titolare del Trattamento"" secondo il Regolamento Europeo 2016/679 GDPR:",Può essere una persona fisica,VERO
M3 - UD3,"Il ""Titolare del Trattamento"" secondo il Regolamento Europeo 2016/679 GDPR:",Non è responsabile delle misure di sicurezza per proteggere i dati,FALSO
M3 - UD3,"Il ""Titolare del Trattamento"" secondo il Regolamento Europeo 2016/679 GDPR:","È il titolare che stabilisce le finalità del trattamento, cioè per quale scopo vengono raccolti e utilizzati i dati",VERO
M3 - UD3,Il Cybersecurity Act (Regolamento EU 2019/881),È composto di due parti fondamentali (il Titolo II e Titolo III),VERO
M3 - UD3,Il Cybersecurity Act (Regolamento EU 2019/881),Si occupa in primis di definire il ruolo dell’Agenzia Europea per la Cybersecurity,VERO
M3 - UD3,Il Cybersecurity Act (Regolamento EU 2019/881),"Si occupa nella seconda parte di definire un quadro di certificazione europea della cybersicurezza per i prodotti, i servizi e i processi TIC",VERO
M3 - UD3,Il Cybersecurity Act (Regolamento EU 2019/881),Si occupa nella seconda parte di definire un quadro di certificazione europea della cybersicurezza esclusivamente per i prodotti TIC,FALSO
M3 - UD3,Il Cybersecurity Act (Regolamento EU 2019/881),"Prevede un quadro di certificazione a quattro livelli di affidabilità: di base, moderato, elevato e critico",FALSO
M3 - UD3,Il Cybersecurity Act (Regolamento EU 2019/881),"Prevede un quadro di certificazione a three livelli di affidabilità: di base, sostanziale ed elevato",VERO
M3 - UD3,Il Data Protection Officer (DPO) secondo il Regolamento (UE) 2016/679,È una figura specificatamente introdotta dal Regolamento,VERO
M3 - UD3,Il Data Protection Officer (DPO) secondo il Regolamento (UE) 2016/679,"È un professionista che deve avere un ruolo aziendale (sia esso soggetto interno o esterno) con competenze giuridiche, informatiche, di risk management e di analisi dei processi",VERO
M3 - UD3,Il Data Protection Officer (DPO) secondo il Regolamento (UE) 2016/679,"È un professionista con competenze giuridiche, informatiche, di risk management e di analisi dei processi che deve essere un soggetto obbligatoriamente esterno rispetto all’azienda che ne chiede il servizio",FALSO
M3 - UD3,Il Data Protection Officer (DPO) secondo il Regolamento (UE) 2016/679,"Ha la responsabilità principale di osservare, valutare e organizzare la gestione del trattamento di dati personali affinché questi siano trattati nel rispetto delle normative privacy europee e nazionali",VERO
M3 - UD3,Il Data Protection Officer (DPO) secondo il Regolamento (UE) 2016/679,"È una figura tecnica e giuridica, con potere esecutivo",VERO
M3 - UD3,Il Data Protection Officer (DPO) secondo il Regolamento (UE) 2016/679,Di solito si appoggia al CISO che funge da tramite fra l’organizzazione e l’autorità,FALSO
M3 - UD3,Il Diritto alla Privacy,Nasce negli Stati Uniti nel 1890 come «diritto a essere lasciato solo» (right to be let alone),VERO
M3 - UD3,Il Diritto alla Privacy,"Ovvero l'originario “Diritto all'essere lasciati soli” che significava libertà “nel fare quello che si vuole con i propri affari privati anche se coinvolgono gli altri""",FALSO
M3 - UD3,Il Diritto alla Privacy,Viene elaborato in Italia dagli anni ‘60-’70 (del 1900) come generico diritto alla libera determinazione nello svolgimento della propria personalità,VERO
M3 - UD3,Il Diritto alla Privacy,"Attualmente si parla di privacy anche come diritto a esprimere liberamente le proprie aspirazioni, quindi in relazione all’autodeterminazione",VERO
M3 - UD3,Il Diritto alla Privacy,"Con l'avvento dell'era elettronica e digitale, si parla di privacy anche come diritto di impedire la rilevazione di informazioni personali",VERO
M3 - UD3,Il Diritto alla Privacy,E' stato elaborato in Europa negli anni '60 (del 1900),FALSO
M3 - UD3,Il DL 138 di recepimento italiano della direttiva NIS 2,"Stabilisce misure volte a garantire un livello elevato di sicurezza informatica in ambito nazionale, contribuendo ad incrementare il livello comune il sicurezza nell'Unione europea",VERO
M3 - UD3,Il DL 138 di recepimento italiano della direttiva NIS 2,Stabilisce misure volte a garantire un livello elevato di sicurezza informatica in ambito nazionale ed europeo in modo da migliorare il funzionamento del mercato interno,VERO
M3 - UD3,Il DL 138 di recepimento italiano della direttiva NIS 2,Integra altresì la direttiva CER (Critical Entities Resilience Directive (UE) 2022/2555) relativa alla resilienza dei soggetti critici,VERO
M3 - UD3,Il DL 138 di recepimento italiano della direttiva NIS 2,Trasforma il paradigma di cybersicurezza RID introducendo la continuità del business per migliorare le caratteristiche di resilienza cyber,VERO
M3 - UD3,Il DL 138 di recepimento italiano della direttiva NIS 2,Trasforma il paradigma di cybersicurezza RID focalizzandosi unicamente sulle protezioni dei dati e delle informazioni,FALSO
M3 - UD3,Il DL 138 di recepimento italiano della direttiva NIS 2,Definisce un dominio focalizzato sull'Information Technology,FALSO
M3 - UD3,Il Patent Infringement,È inteso come la violazione dei diritti di proprietà intellettuale o di brevetto,VERO
M3 - UD3,Il Patent Infringement,Per la legge italiana è assimilato al reato di furto,FALSO
M3 - UD3,Il Patent Infringement,Per la legge italiana è assimilato al reato di contraffazione,VERO
M3 - UD3,Il Patent Infringement,È in costante aumento grazie al grande sviluppo dell’e-commerce e l’utilizzo dei social media per finalità di marketing,VERO
M3 - UD3,Il Patent Infringement,"Riguarda beni di lusso e griffati, alimentari, farmaci (con tutte le implicazioni relative alla salute pubblica), ecc.",VERO
M3 - UD3,Il Patent Infringement,Anche se non arreca un enorme danno economico sia ai titolari dei diritti che ai consumatori e comunque un phenomenon sotto osservazione,FALSO
M3 - UD3,Il principio di “Accountability” del GDPR,È un concetto che può essere tradotto in italiano come responsabilizzazione/rendicontazione,VERO
M3 - UD3,Il principio di “Accountability” del GDPR,È un concetto che può essere tradotto in italiano come contabilità,FALSO
M3 - UD3,Il principio di “Accountability” del GDPR,Dispone che il titolare del trattamento adotti politiche e attui misure adeguate a garantire che il trattamento dei dati personali sia conforme allo stesso Regolamento,FALSO
M3 - UD3,Il principio di “Accountability” del GDPR,Prevede l’adozione di comportamenti proattivi e tali da dmostrare la concreta adozione di misure finalizzate ad assicurare la corretta applicazione del regolamento,VERO
M3 - UD3,Il principio di “Accountability” del GDPR,"Prevede l’adozione di criteri di ""data protection by default and by design"" ovvero che la protezione dei dati deve essere da progetto e indipendente dall’eventuale autorizzazione al tratamento",VERO
M3 - UD3,Il principio di “Accountability” del GDPR,Dispone che il titolare del trattamento adotti politiche e attui misure adeguate a garantire ed essere in grado di dmostrare che il trattamento dei dati personali effettuato sia conforme allo stesso Regolamento,VERO
M3 - UD3,Il Regolamento (UE) 2016/679 GDPR si applica,Al trattamento dei dati personali delle persone fisiche e al trattamento non automatizzato dei dati conservati in un «archivio»,VERO
M3 - UD3,Il Regolamento (UE) 2016/679 GDPR si applica,"Ad imprese enti, ed organizzazioni in generale con sede legale all’interno dell’UE",FALSO
M3 - UD3,Il Regolamento (UE) 2016/679 GDPR si applica,A prescindere dal luogo ove sono collocati i sistemi di archiviazione e di elaborazione,VERO
M3 - UD3,Il Regolamento (UE) 2016/679 GDPR si applica,Solo se i sistemi di archiviazione e di elaborazione sono collocati all’interno degli stati dell’unione,FALSO
M3 - UD3,Il Regolamento (UE) 2016/679 GDPR si applica,Si occupa anche dei dati personali per attività di sicurezza nazionale o di ordine pubblico,FALSO
M3 - UD3,Il Regolamento (UE) 2016/679 GDPR si applica,"A qualunque dato personale: nomi, foto, indirizzi e-mail, dettagli bancari, interventi su siti web di social network, informazioni mediche o indirizzi IP di computer",VERO
M3 - UD3,Il regolamento GDPR (General Data Protection Regulation),Disciplina solamente le persone fisiche,VERO
M3 - UD3,Il regolamento GDPR (General Data Protection Regulation),Disciplina le organizzazioni con personalità giuridica,FALSO
M3 - UD3,Il regolamento GDPR (General Data Protection Regulation),Disciplina le organizzazioni in genere anche senza personalità giuridica,FALSO
M3 - UD3,Il regolamento GDPR (General Data Protection Regulation),Si applica anche ai titolari del trattamento dei dati con sede legale fuori dell'UE che trattano dati personali di residenti nell'Unione Europea,VERO
M3 - UD3,Il regolamento GDPR (General Data Protection Regulation),"Non è specifico per tipologia di supporto, ciò significa che le informazioni e i relativi dati possono essere anche orali o verbali",VERO
M3 - UD3,Il regolamento GDPR (General Data Protection Regulation),Si applica a prescindere dal luogo o dai luoghi ove sono collocati i sistemi di archiviazione (storage) e di elaborazione (server),VERO
M3 - UD3,"Il Regolamento UE 2016/679 del Parlamento Europeo e del Consiglio del 27 aprile 2016, detto GDPR",È un atto giuridico che è stato recepito da parte degli stati membri l’UE,VERO
M3 - UD3,"Il Regolamento UE 2016/679 del Parlamento Europeo e del Consiglio del 27 aprile 2016, detto GDPR",Ha sostituito una precedente direttiva relativa alla tutela delle persone fisiche riguardo il trattamento dei dati personali,VERO
M3 - UD3,"Il Regolamento UE 2016/679 del Parlamento Europeo e del Consiglio del 27 aprile 2016, detto GDPR",In Italia ha reso necessaria una modifica della legislazione esistente (il Codice della Privacy),VERO
M3 - UD3,"Il Regolamento UE 2016/679 del Parlamento Europeo e del Consiglio del 27 aprile 2016, detto GDPR",È entrato vigore in Italia senza la necessità di essere recepito e senza modificare la legislazione esistente,FALSO
M3 - UD3,"Il Regolamento UE 2016/679 del Parlamento Europeo e del Consiglio del 27 aprile 2016, detto GDPR","Disciplina il trattamento dei dati personali relativi ai cittadini dell'UE, da parte di persone, società o organizzazioni",VERO
M3 - UD3,"Il Regolamento UE 2016/679 del Parlamento Europeo e del Consiglio del 27 aprile 2016, detto GDPR","Disciplina il trattamento dei dati personali da parte di persone, società o organizzazioni facenti parte dell’UE",FALSO
M3 - UD3,Il Titolo II del Regolamento Europeo 2019/881 (Cybersecurity Act) definisce il ruolo di ENISA ovvero:,"Di conseguire un elevato livello comune di cibersicurezza in tutta l’Unione, sostenendo attivamente gli Stati membri, le istituzioni, gli organi e gli organismi dell’Unione nel miglioramento della cibersicurezza.",VERO
M3 - UD3,Il Titolo II del Regolamento Europeo 2019/881 (Cybersecurity Act) definisce il ruolo di ENISA ovvero:,"Di conseguire un elevato livello comune di cibersicurezza in tutta l’Unione, sostituendo gli organismi degli Stati membri, le istituzioni dell’Unione nei processi di gestione della cibersicurezza",FALSO
M3 - UD3,Il Titolo II del Regolamento Europeo 2019/881 (Cybersecurity Act) definisce il ruolo di ENISA ovvero:,"Stabilire le misure per il ravvicinamento delle dispositions legislative, regolamentari e amministrative degli Stati membri relative alla cibersicurezza",VERO
M3 - UD3,Il Titolo II del Regolamento Europeo 2019/881 (Cybersecurity Act) definisce il ruolo di ENISA ovvero:,"Agire in maniera indipendente, evitando nel contempo la duplicazione delle attività degli Stati membri e tenendo conto delle competenze esistenti degli Stati membri",VERO
M3 - UD3,Il Titolo II del Regolamento Europeo 2019/881 (Cybersecurity Act) definisce il ruolo di ENISA ovvero:,"Sviluppare le proprie risorse, incluse le capacità e abilità tecniche e umane, necessarie al fine di svolgere i compiti attribuitile ai sensi del presente regolamento",VERO
M3 - UD3,Il Titolo II del Regolamento Europeo 2019/881 (Cybersecurity Act) definisce il ruolo di ENISA ovvero:,Contribuire a rafforzare le capacità di cibersicurezza a livello di Unione solo nel caso di incidenti transfrontalieri,FALSO
M3 - UD3,In cosa la normativa GDPR differisce dalla NIS 2,"GDPR è orientato primariamente alla Privacy e alla protezione del dato dall’origine, NIS 2 alla continuità del servizio",VERO
M3 - UD3,In cosa la normativa GDPR differisce dalla NIS 2,"NIS 2 non prende in considerazione la protezione del dato e dell'informazione, GDPR lo fa",FALSO
M3 - UD3,In cosa la normativa GDPR differisce dalla NIS 2,"GDPR è un Regolamento Europeo, NIS 2 è una direttiva",VERO
M3 - UD3,In cosa la normativa GDPR differisce dalla NIS 2,"NIS 2 è un Regolamento Europeo, GDPR è una Direttiva",FALSO
M3 - UD3,In cosa la normativa GDPR differisce dalla NIS 2,"NIS 2 necessità del recepimento negli ordinamenti dei singoli stati, GDPR è entrato direttamente in forza",VERO
M3 - UD3,In cosa la normativa GDPR differisce dalla NIS 2,"GDPR richiede la notifica degli incidenti di sicurezza all'autorità competente, NIS 2 no",FALSO
M3 - UD3,L’ambito di applicazione (SCOPE) del regolamento Europeo UE 2016/679 (General Data Protection),"È relativo al trattamento dei dati personali in genere, ed al trattamento manuale dei dati se conservati in un ""archivio"", definito in modo simile all'espressione ""banca di dati"", presente nel codice della privacy italiano",VERO
M3 - UD3,L’ambito di applicazione (SCOPE) del regolamento Europeo UE 2016/679 (General Data Protection),"Riguarda anche imprese ed enti, organizzazioni in generale, con sede legale fuori dell'UE che trattano dati personali di residenti nell'Unione Europea",VERO
M3 - UD3,L’ambito di applicazione (SCOPE) del regolamento Europeo UE 2016/679 (General Data Protection),Prescinde dal luogo o dai luoghi ove sono collocati i sistemi di archiviazione (storage) e di elaborazione (server),VERO
M3 - UD3,L’ambito di applicazione (SCOPE) del regolamento Europeo UE 2016/679 (General Data Protection),Riguarda anche la gestione di dati personali per attività di sicurezza nazionale o di ordine pubblico,FALSO
M3 - UD3,L’ambito di applicazione (SCOPE) del regolamento Europeo UE 2016/679 (General Data Protection),Riguarda specificatamente i dati memorizzati su supporto informatico,FALSO
M3 - UD3,L’ambito di applicazione (SCOPE) del regolamento Europeo UE 2016/679 (General Data Protection),Riguarda e disciplina il trattamento dei dati delle persone fisiche e giuridiche,FALSO
M3 - UD3,"La ""Figura Competente"" secondo il Regolamento EU 2016/679 GDPR può essere:","Il Titolare del Trattamento: ovvero una persona fisica, una persona giuridica, la Pubblica Amministrazione o qualsiasi altro ente",VERO
M3 - UD3,"La ""Figura Competente"" secondo il Regolamento EU 2016/679 GDPR può essere:","Il Responsabile del Trattamento: ovvero una persona fisica, una persona giuridica, la Pubblica Amministrazione e qualsiasi altro ente",VERO
M3 - UD3,"La ""Figura Competente"" secondo il Regolamento EU 2016/679 GDPR può essere:","Il Destinatario del Trattamento: ovvero una persona fisica, una persona giuridica, la Pubblica Amministrazione e qualsiasi altro ente",VERO
M3 - UD3,"La ""Figura Competente"" secondo il Regolamento EU 2016/679 GDPR può essere:","L'Interessato: ovvero una persona fisica, una persona giuridica, la Pubblica Amministrazione o qualsiasi altro ente",FALSO
M3 - UD3,"La ""Figura Competente"" secondo il Regolamento EU 2016/679 GDPR può essere:",L'Interessato: ovvero una persona fisica,VERO
M3 - UD3,"La ""Figura Competente"" secondo il Regolamento EU 2016/679 GDPR può essere:","Il Designato: ovvero una persona fisica, una persona giuridica, la Pubblica Amministrazione o qualsiasi altro ente",FALSO
M3 - UD3,La Cybersecurity e la Brand Reputation,Non hanno legami diretti,FALSO
M3 - UD3,La Cybersecurity e la Brand Reputation,Sono strettamente legati,VERO
M3 - UD3,La Cybersecurity e la Brand Reputation,Hanno legami stretti perché gli incidenti di CyberSecurity comunicano inaffidabilità con immediata perdita di fiducia,VERO
M3 - UD3,La Cybersecurity e la Brand Reputation,Hanno legami stretti perché gli incidenti di CyberSecurity comunicano scarsa qualità dei prodotti,FALSO
M3 - UD3,La Cybersecurity e la Brand Reputation,Hanno legami stretti perché gli incidenti di CyberSecurity comunicano fragilità e insicurezza,VERO
M3 - UD3,La Cybersecurity e la Brand Reputation,Hanno legami stretti perché gli incidenti di CyberSecurity inadeguatezza tecnologica,VERO
M3 - UD3,La futura certificazione della cybersicurezza secondo il Regolamento (UE) 2019/881,Quattro livelli di certificazione con diverse “affidabilità”,FALSO
M3 - UD3,La futura certificazione della cybersicurezza secondo il Regolamento (UE) 2019/881,Tre livelli di certificazione con diverse “affidabilità”,VERO
M3 - UD3,La futura certificazione della cybersicurezza secondo il Regolamento (UE) 2019/881,"Un livello di affidabilità “di base”, per il quale può bastare un riesame della documentazione tecnica, attività di valutazione sostitutive di effetto equivalente. Il livello base è l'unico per il quale il produttore/fornitore può ricorrere all'autocertificazione, ove prevista",VERO
M3 - UD3,La futura certificazione della cybersicurezza secondo il Regolamento (UE) 2019/881,"Un livello di affidabilità “sostanziale”, per il quale la valutazione di sicurezza è effettuata a un livello inteso a ridurre al minimo i rischi di incidenti ed attacchi informatici commessi da soggetti che dispongono di abilità e risorse limitate",VERO
M3 - UD3,La futura certificazione della cybersicurezza secondo il Regolamento (UE) 2019/881,"Un livello di affidabilità “elevato”, per il quale la valutazione di sicurezza è effettuata a un livello inteso a ridurre al minimo il rischio di attacchi informatici avanzati commessi da attori che dispongono di abilità e risorse significative",VERO
M3 - UD3,La futura certificazione della cybersicurezza secondo il Regolamento (UE) 2019/881,"Un livello di affidabilità “critico“, per il quale la valutazione di sicurezza è effettuata a un livello inteso ad annullare il rischio di attacchi informatici avanzati commessi da attori che dispongono di abilità e risorse significative",FALSO
M3 - UD3,La nuova direttiva NIS 2,Deve essere recepita da ciascun membro dell'unione,VERO
M3 - UD3,La nuova direttiva NIS 2,Prevede che debbano essere creati CSIRT nazionali in ogni sngolo stato che collaborano tra di loro coordinati da ENISA,VERO
M3 - UD3,La nuova direttiva NIS 2,Prevede che ENISA definisca per tutta l'UE le aziende e le organizzazioni che rientrano nel perimento di compliance,FALSO
M3 - UD3,La nuova direttiva NIS 2,In quanto Direttiva UE non necessita di un recepimento ma solo di una verifica di eventuali sovrapposizioni legislative locali,FALSO
M3 - UD3,La nuova direttiva NIS 2,Ha tempi di recepimento e implementazione non definiti,FALSO
M3 - UD3,La nuova direttiva NIS 2,Prevede che debbano essere definite le Autorità Competenti NIS in ogni singolo stato dell'unione,VERO
M3 - UD3,La nuova direttiva NIS 2 e il relativo decreto legislativo di attuazione,Ampliano notevolmente la platea delle aziende pubbliche e private coinvolte,VERO
M3 - UD3,La nuova direttiva NIS 2 e il relativo decreto legislativo di attuazione,Ampliano la platea delle aziende e organizzazioni coinvolte ma non i settori merceologici,FALSO
M3 - UD3,La nuova direttiva NIS 2 e il relativo decreto legislativo di attuazione,Introducono importanti novità di carattere organizzativo e di responsabilizzazione del management,VERO
M3 - UD3,La nuova direttiva NIS 2 e il relativo decreto legislativo di attuazione,Incrementano notevolmente le sanzioni in caso di inadempienza,VERO
M3 - UD3,La nuova direttiva NIS 2 e il relativo decreto legislativo di attuazione,Incrementano le sanzioni solamente nel caso di aziende di diritto privato,FALSO
M3 - UD3,La nuova direttiva NIS 2 e il relativo decreto legislativo di attuazione,Incrementano le sanzioni solamente nel caso di aziende di diritto pubblico,FALSO
M3 - UD3,Le fasi dell'Informatica Forense,"Nella fase Identificazione si identificano i dati digitali rilevanti, operando sui dispositivi di memorizzazione dei dati digitali",VERO
M3 - UD3,Le fasi dell'Informatica Forense,Nella fase di Raccolta si acquisicono i sistemi che contengono i dati e si procede alla messa in sicurezza dei supporti di memorizzazione.,VERO
M3 - UD3,Le fasi dell'Informatica Forense,"Nella fase di Acquisizione si realizza una copia di tutti i dati, tramite appositi strumenti è possibile produrre una copia ""legale"" dei dati digitali che si intende utilizzare come prova",VERO
M3 - UD3,Le fasi dell'Informatica Forense,"Nella fase di Analisi si estraggono da tutti dati acquisiti solo quelli rilevanti, aggregandoli e valutando le strategie a sostegno di un’ipotesi accusatoria o di una strategia difensiva",VERO
M3 - UD3,Le fasi dell'Informatica Forense,"Nella fase di Elaborazione si estraggono le informazioni dai dati ""grezzi"" come completamento della fase di analisi",FALSO
M3 - UD3,Le fasi dell'Informatica Forense,"Nella fase di Presentazione si produce una relazione tecnica per presentare ciò che è emerso nel corso dell’attività tecnica in formato ""legale""",VERO
M3 - UD3,Nella nuova Direttiva europea NIS 2,Le aziende vengono raggruppate in due gruppi di rilevanza per gli aspetti di Cybersecurity: Essenziali e Importanti,VERO
M3 - UD3,Nella nuova Direttiva europea NIS 2,"Le aziende vengono raggruppate in tre gruppi di rilevanza per gli aspetti di Cybersecurity: Essenziali, ad alta criticità, e Importanti.",FALSO
M3 - UD3,Nella nuova Direttiva europea NIS 2,"L’ambito di applicazione viene ampliato comprendo più servizi, aumentando di molto la platea delle aziende interessate",VERO
M3 - UD3,Nella nuova Direttiva europea NIS 2,"Sono stati introdotti nuovi settori come la produzione di prodotti farmaceutici, dispositivi medici e prodotti chimici ed altri",VERO
M3 - UD3,Nella nuova Direttiva europea NIS 2,E' stata rafforzata la sicurezza informatica lungo la catena di approvvigionamento,VERO
M3 - UD3,Nella nuova Direttiva europea NIS 2,"Sono purtroppo rimasti fuori dalla direttiva i servizi di gestione delle acque reflue e dei rifiuti, i servizi postali, nonché la pubblica amministrazione",FALSO
M3 - UD3,NIS2 (Network and Information Security) rispetto alla prima direttiva NIS,"Elimina la distinzione tra fornitori di servizi essenziali e fornitori di servizi digitali, le aziende vengono classificate in “essenziali” e/o “importanti” a seconda della criticità dei servizi che offrono",VERO
M3 - UD3,NIS2 (Network and Information Security) rispetto alla prima direttiva NIS,Prevede che le nuove categorie dei sevizi essenziali e importanti siano sottoposte ad adempimenti differenti,VERO
M3 - UD3,NIS2 (Network and Information Security) rispetto alla prima direttiva NIS,Come direttiva entrerà direttamente in forza senza il recepimento da parte dei singoli stati dell’UE,FALSO
M3 - UD3,NIS2 (Network and Information Security) rispetto alla prima direttiva NIS,"Amplia l’ambito di applicazione comprendendo più servizi, come la produzione di prodotti farmaceutici, dispositivi medici e prodotti chimici, il settore alimentare, la gestione delle acque reflue e dei rifiuti, i servizi postali, nonché la pubblica amministrazione",VERO
M3 - UD3,NIS2 (Network and Information Security) rispetto alla prima direttiva NIS,Prevede il nuovo obiettivo di rafforzare la sicurezza informatica nella Supply Chain,VERO
M3 - UD3,NIS2 (Network and Information Security) rispetto alla prima direttiva NIS,Si prefigge di restringere il numero delle aziende coinvolte dalla normativa visto la grandissima ed eterogenea platea della prima versione della direttiva,FALSO
M3 - UD3,Per il Regolamento UE 2016/679 GDPR,"L’informativa deve essere fornita dal titolare del trattamento agli interessati, prima del trattamento",VERO
M3 - UD3,Per il Regolamento UE 2016/679 GDPR,L’informativa deve essere fornita dal titolare del trattamento sulle finalità e le modalità dei trattamenti operati,VERO
M3 - UD3,Per il Regolamento UE 2016/679 GDPR,L'informativa disciplina due diversi casi: dati raccolti presso l'interessato e dati raccolti presso altri soggetti,VERO
M3 - UD3,Per il Regolamento UE 2016/679 GDPR,L'informativa disciplina diversi casi: dall’Art. 13 sino all’articolo 16,FALSO
M3 - UD3,Per il Regolamento UE 2016/679 GDPR,Una volta fornita l’informativa deve essere poi esplicitamente dato un valido consenso per la raccolta dei dati e per i propositi per i quali sono usati da parte dell’interessato,VERO
M3 - UD3,Per il Regolamento UE 2016/679 GDPR,Il consenso può essere fornito in maniera unica anche su molti punti informativi anche non distinti e specificati,FALSO
M3 - UD3,Perché è importante il Regolamento GDPR per l'Information Technology?,"Perché i sistemi informativi conservano, gestiscono e permettono di trasferire i dati riservati e sensibili delle persone.",VERO
M3 - UD3,Perché è importante il Regolamento GDPR per l'Information Technology?,"Perché i dati sono archiviati e mantenuti per periodi di tempo indeterminati, potenzialmente senza possibilità di controllo dalle persone stesse",VERO
M3 - UD3,Perché è importante il Regolamento GDPR per l'Information Technology?,Perché una gestione dei dati senza regole può mettere a repentaglio le regole principali del vivere civile ed è quindi necessario regolamentare la gestione dei dati nel suo insieme,VERO
M3 - UD3,Perché è importante il Regolamento GDPR per l'Information Technology?,Perché una gestione dei dati senza regole può mettere a repentaglio le regole principali del vivere civile ed è quindi necessario regolamentare la gestione dei dati: almeno l'autorizzazione al trattamento e al trasferimento,FALSO
M3 - UD3,Perché è importante il Regolamento GDPR per l'Information Technology?,"Perché una gestione dei dati senza regole può mettere a repentaglio le regole principali del vivere civile ed è quindi necessario regolamentare la gestione dei dati: dall'autorizzazione al trattamento, il trasferimento sino al tempo massimo di mantenimento",VERO
M3 - UD3,Perché è importante il Regolamento GDPR per l'Information Technology?,Perché bisogna salvaguardare gli aspetti formali del trattamento dei dati,FALSO
M3 - UD3,Perché i reparti IT e OT dovranno collaborare maggiormente per effetto della Direttiva NIS 2?,Perché è espressamente indicato nella normativa,FALSO
M3 - UD3,Perché i reparti IT e OT dovranno collaborare maggiormente per effetto della Direttiva NIS 2?,Perché la nuova direttiva ha obiettivi focalizzati sulla continuità del business o del servizio erogato dall'azienda nel suo insieme,VERO
M3 - UD3,Perché i reparti IT e OT dovranno collaborare maggiormente per effetto della Direttiva NIS 2?,"Perché nella direttiva non si parla solamente di salvaguardare dati, informazioni e conoscenza ma anche il prodotto o il servizio finale offerto, all'interno della supply chain",VERO
M3 - UD3,Perché i reparti IT e OT dovranno collaborare maggiormente per effetto della Direttiva NIS 2?,"Perché tutti gli incidenti di sicurezza dovranno essere gestiti e comunicati in tempi stretti, questo richiede procedure condivise tra IT e OT per garantire rapidità e coordinamento.",VERO
M3 - UD3,Perché i reparti IT e OT dovranno collaborare maggiormente per effetto della Direttiva NIS 2?,"Perché, nonostante i sistemi OT non siano mai connessi alle reti IT, il reparto IT dovrà dimostrare di averne qualche conoscenza",FALSO
M3 - UD3,Perché i reparti IT e OT dovranno collaborare maggiormente per effetto della Direttiva NIS 2?,"Perché la conformità alla normativa richiede valutazioni del rischio e misure di protezione su tutta la catena di fornitura, coinvolgendo sia IT che OT",VERO
M3 - UD3,Qual è il punto di contatto unico competente NIS relativamente alla direttiva (UE) 2022/2555,CERT-UE,FALSO
M3 - UD3,Qual è il punto di contatto unico competente NIS relativamente alla direttiva (UE) 2022/2555,ENISA,FALSO
M3 - UD3,Qual è il punto di contatto unico competente NIS relativamente alla direttiva (UE) 2022/2555,CSIRT,FALSO
M3 - UD3,Qual è il punto di contatto unico competente NIS relativamente alla direttiva (UE) 2022/2555,ACN,VERO
M3 - UD3,Qual è il punto di contatto unico competente NIS relativamente alla direttiva (UE) 2022/2555,In ultimo il Ministero dell'Interno,FALSO
M3 - UD3,Qual è il punto di contatto unico competente NIS relativamente alla direttiva (UE) 2022/2555,In ultimo il Ministero della Difesa,FALSO
M3 - UD3,"Quale delle seguenti normative europee ha, tra gli obiettivi primari, la business continuity delle organizzazioni",Il Regolamento (UE) 2016/1148 GDPR,FALSO
M3 - UD3,"Quale delle seguenti normative europee ha, tra gli obiettivi primari, la business continuity delle organizzazioni",Il Regolamento (UE) 2019/881 - Cybersecurity Act,FALSO
M3 - UD3,"Quale delle seguenti normative europee ha, tra gli obiettivi primari, la business continuity delle organizzazioni",La direttiva (EU) 2016/1148 - Network and Information Security (NIS),VERO
M3 - UD3,"Quale delle seguenti normative europee ha, tra gli obiettivi primari, la business continuity delle organizzazioni",La Direttiva (EU) 2022/2555 - Network and Information Security 2 (NIS 2),VERO
M3 - UD3,"Quale delle seguenti normative europee ha, tra gli obiettivi primari, la business continuity delle organizzazioni",NIST CyberSecurity Framework,FALSO
M3 - UD3,"Quale delle seguenti normative europee ha, tra gli obiettivi primari, la business continuity delle organizzazioni",ENISA,FALSO
M3 - UD3,Quali dei seguenti sono effettivamente Operatori di Servizi Essenziali (OES) secondo NIS,Impresa elettrica,VERO
M3 - UD3,Quali dei seguenti sono effettivamente Operatori di Servizi Essenziali (OES) secondo NIS,Distributore locale di carburante per autotrazione,FALSO
M3 - UD3,Quali dei seguenti sono effettivamente Operatori di Servizi Essenziali (OES) secondo NIS,Gestori del sistema di distribuzione energia elettrica,VERO
M3 - UD3,Quali dei seguenti sono effettivamente Operatori di Servizi Essenziali (OES) secondo NIS,Gestori del sistema di trasmissione energia elettrica,VERO
M3 - UD3,Quali dei seguenti sono effettivamente Operatori di Servizi Essenziali (OES) secondo NIS,Gestori del sistema di distribuzione gas,VERO
M3 - UD3,Quali dei seguenti sono effettivamente Operatori di Servizi Essenziali (OES) secondo NIS,Gestori del sistema di tele-trasmissione gas,FALSO
M3 - UD3,Quali obblighi di notifica prevede la direttiva NIS 2?,"Tutti i Soggetti notificano, senza ingiustificato ritardo, al CSIRT Italia ogni incidente che ha un impatto significativo sulla fornitura dei loro servizi",VERO
M3 - UD3,Quali obblighi di notifica prevede la direttiva NIS 2?,"Tutti i soggetti notificano senza ingiustificato ritardo, e comunque entro 24 ore da quando sono venuti a conoscenza dell'incidente significativo, una pre-notifica",VERO
M3 - UD3,Quali obblighi di notifica prevede la direttiva NIS 2?,"Tutti i soggetti notificano senza ingiustificato ritardo, e comunque entro 72 ore da quando sono venuti a conoscenza dell'incidente significativo, una notifica di aggiornamento e approfondimento",VERO
M3 - UD3,Quali obblighi di notifica prevede la direttiva NIS 2?,"Notificano senza ingiustificato ritardo, e comunque entro 96 ore da quando sono venuti a conoscenza dell'incidente significativo, se l'incidente non si è propagato ad organizzazioni esterne",FALSO
M3 - UD3,Quali obblighi di notifica prevede la direttiva NIS 2?,Si notifica una relazione finale al CSIRT non appena si sono ultimate le procedure di verifica,FALSO
M3 - UD3,Quali obblighi di notifica prevede la direttiva NIS 2?,Si notifica una relazione finale al CSIRT entro un mese dalla trasmissione della notifica dell'incidente,VERO
M3 - UD3,Quali obblighi in materia di gestione del rischio sono stati introdotti dalla normativa NIS 2?,Realizzare politiche di analisi dei rischi e di sicurezza dei sistemi informativi e di rete,VERO
M3 - UD3,Quali obblighi in materia di gestione del rischio sono stati introdotti dalla normativa NIS 2?,"Gestire gli incidenti informatici, ivi incluse le procedure e gli strumenti per eseguire le notifiche",VERO
M3 - UD3,Quali obblighi in materia di gestione del rischio sono stati introdotti dalla normativa NIS 2?,"Gestire la continuità operativa, ivi inclusa la gestione di backup, il ripristino in caso di disastro, ove applicabile, e gestione delle crisi",VERO
M3 - UD3,Quali obblighi in materia di gestione del rischio sono stati introdotti dalla normativa NIS 2?,Soddisfare gli specifici requisiti di progettazione e rigidi criteri di certificazione di software e hardware elencati nella direttiva,FALSO
M3 - UD3,Quali obblighi in materia di gestione del rischio sono stati introdotti dalla normativa NIS 2?,"Gestire la sicurezza dell'acquisizione, dello sviluppo e della manutenzione dei sistemi informativi e di rete, ivi comprese la gestione e la divulgazione delle vulnerabilità",VERO
M3 - UD3,Quali obblighi in materia di gestione del rischio sono stati introdotti dalla normativa NIS 2?,Realizzare politiche e procedure per valutare l’efficacia delle misure di gestione dei rischi per la sicurezza informatica,VERO
M3 - UD3,Quali sono le attuali leggi italiane sulla privacy?,"Il decreto 198 del 2004 “Codice in materia di protezione dei dati personali” detto anche “Testo unico sulla Privacy”, entrato in vigore dal 1° gennaio 2004",FALSO
M3 - UD3,Quali sono le attuali leggi italiane sulla privacy?,"Il decreto 196 del 2003 “Codice in materia di protezione dei dati personali” detto anche “Testo unico sulla Privacy”, entrato in vigore dal 1° gennaio 2004",VERO
M3 - UD3,Quali sono le attuali leggi italiane sulla privacy?,"Il decreto 196 del 2003 “Codice in materia di protezione dei dati personali” detto anche “Testo unico sulla Privacy”, entrato in vigore dal 1° gennaio 2006",FALSO
M3 - UD3,Quali sono le attuali leggi italiane sulla privacy?,"Il Regolamento UE 2016/697 del Parlamento Europeo e del Consiglio del 27 aprile 2016, cosiddetto GDPR (General Data Protection Regulation) attraverso il D. L. di adeguamento 10 agosto 2018, n. 101, dal D.M. n. 15 marzo 2019 e dal D.L. 14 giugno 2019, n. 53",FALSO
M3 - UD3,Quali sono le attuali leggi italiane sulla privacy?,"Il Regolamento UE 2016/679 del Parlamento Europeo e del Consiglio del 25 aprile 2016, cosiddetto GDPR (General Data Protection Regulation) attraverso il D.L. di adeguamento 10 agosto 2018, n. 101, dal D.M. n. 15 marzo 2019 e dal D.L. 14 giugno 2019, n. 53",FALSO
M3 - UD3,Quali sono le attuali leggi italiane sulla privacy?,"Il Regolamento UE 2016/679 del Parlamento Europeo e del Consiglio del 27 aprile 2016, cosiddetto GDPR (General Data Protection Regulation) attraverso il D.L. di adeguamento 10 agosto 2018, n. 101, dal D.M. n. 15 marzo 2019 e dal D.L. 14 giugno 2019, n. 53",VERO
M3 - UD3,Quali sono le origini legislative del diritto alla privacy italiano?,"Costituzione Italiana, articoli 14, 15 e 21, riguardanti il domicilio, la libertà e segretezza della corrispondenza, e la libertà di manifestazione del pensiero",VERO
M3 - UD3,Quali sono le origini legislative del diritto alla privacy italiano?,"Costituzione Italiana articolo 2, come anche sostenuto la Corte Costituzionale con la sentenza n. 38 del 1973",VERO
M3 - UD3,Quali sono le origini legislative del diritto alla privacy italiano?,Sentenza della Corte di Cassazione n. 4487 del 1961,FALSO
M3 - UD3,Quali sono le origini legislative del diritto alla privacy italiano?,Sentenza della Corte di Cassazione n. 4487 del 1956,VERO
M3 - UD3,Quali sono le origini legislative del diritto alla privacy italiano?,"Prima legge italiana di tutela della privacy, Legge 675 del 1996, come attuazione della direttiva 95/46/CE",VERO
M3 - UD3,Quali sono le origini legislative del diritto alla privacy italiano?,"Prima legge italiana di tutela della privacy, Legge 675 del 1998, come attuazione della direttiva 95/46/CE",FALSO
M3 - UD3,Quali tipologie di Dati sono previsti dal Regolamento Europeo 2016/679 GDPR?,"Dati personali, ovvero le informazioni relative a persona fisica identificata o identificabile",VERO
M3 - UD3,Quali tipologie di Dati sono previsti dal Regolamento Europeo 2016/679 GDPR?,"Dati personali, ovvero le informazioni relative a persona fisica identificabile anche indirettamente (ad esempio mediante la raccolta di varie informazioni che possano identificarla)",VERO
M3 - UD3,Quali tipologie di Dati sono previsti dal Regolamento Europeo 2016/679 GDPR?,"Dati personali particolari, come l'origine razziale o etnica, le opinioni politiche, le convinzioni religiose o filosofiche e altro",VERO
M3 - UD3,Quali tipologie di Dati sono previsti dal Regolamento Europeo 2016/679 GDPR?,"Dati personali particolari (o sensibili secondo il codice italiano), come i riferimenti dei dati bancari o i dati finanziari in genere",FALSO
M3 - UD3,Quali tipologie di Dati sono previsti dal Regolamento Europeo 2016/679 GDPR?,"Dati personali relativi a condanne penali o reati, con il controllo dell'Autorità Pubblica o autorizzato dal Diritto dell'UE",VERO
M3 - UD3,Quali tipologie di Dati sono previsti dal Regolamento Europeo 2016/679 GDPR?,Dati di persone giuriche con riferimenti all'interno dell'Unione Europea,FALSO
M3 - UD3,Secondo la direttiva NIS (Network and Information Security) il CSIRT Nazionale include i seguenti compiti:,Il monitoraggio degli incidenti a livello nazionale,VERO
M3 - UD3,Secondo la direttiva NIS (Network and Information Security) il CSIRT Nazionale include i seguenti compiti:,"L’emissione di preallarmi, allerte, annunci e divulgazione di informazioni alle parti interessate in merito a rischi e incidenti",VERO
M3 - UD3,Secondo la direttiva NIS (Network and Information Security) il CSIRT Nazionale include i seguenti compiti:,L’intervento in caso di incidente,VERO
M3 - UD3,Secondo la direttiva NIS (Network and Information Security) il CSIRT Nazionale include i seguenti compiti:,L’analisi a posteriori dei rischi e degli incidenti,FALSO
M3 - UD3,Secondo la direttiva NIS (Network and Information Security) il CSIRT Nazionale include i seguenti compiti:,La partecipazione economica agli investimenti in cybersecurity,FALSO
M3 - UD3,Secondo la direttiva NIS (Network and Information Security) il CSIRT Nazionale include i seguenti compiti:,La partecipazione alla rete dei CSIRT europei,VERO
M3 - UD3,Secondo la nuova direttiva NIS 2 un incidente è considerato significativo e deve essere quindi notificato a CSIRT Italia,Se ha causato o è in grado di causare una grave perturbazione operativa dei servizi o perdite finanziarie per il soggetto interessato,VERO
M3 - UD3,Secondo la nuova direttiva NIS 2 un incidente è considerato significativo e deve essere quindi notificato a CSIRT Italia,Se ha causato o è in grado di causare perdite di dati per il soggetto interessato,FALSO
M3 - UD3,Secondo la nuova direttiva NIS 2 un incidente è considerato significativo e deve essere quindi notificato a CSIRT Italia,Se ha avuto ripercussioni o è idoneo a provocare ripercussioni su altre persone fisiche o giuridiche causando perdite materiali o immateriali considerevoli,VERO
M3 - UD3,Secondo la nuova direttiva NIS 2 un incidente è considerato significativo e deve essere quindi notificato a CSIRT Italia,Se ha avuto ripercussioni o è idoneo a provocare ripercussioni su altre persone fisiche o giuridiche causando perdite materiali o immateriali oltre i 50.000 €,FALSO
M3 - UD3,Secondo la nuova direttiva NIS 2 un incidente è considerato significativo e deve essere quindi notificato a CSIRT Italia,anche se può influenzare negativamente la catena di fornitura,VERO
M3 - UD3,Secondo la nuova direttiva NIS 2 un incidente è considerato significativo e deve essere quindi notificato a CSIRT Italia,non causa o non è in grado di causare danni o perturbazioni ma per specificità richiede una notifica,FALSO
M3 - UD4,Gli Intrusion Detection/Prevention,Sono sistemi che si integrano con i Firewall per offrire una protezione più completa,VERO
M3 - UD4,Gli Intrusion Detection/Prevention,Sono sistemi che non si integrano con i Firewall ma che offrono lo stesso una protezione completa,FALSO
M3 - UD4,Gli Intrusion Detection/Prevention,"Vengono posizionati ""a valle"" del firewall (rispetto alla connessione Internet) ed analizzano i pacchetti di dati ed i comportamenti da loro generati",VERO
M3 - UD4,Gli Intrusion Detection/Prevention,"Vengono posizionati ""a monte"" del firewall (rispetto alla connessione Internet) ed analizzano i pacchetti di dati ed i comportamenti da loro generati",FALSO
M3 - UD4,Gli Intrusion Detection/Prevention,"Per la rilevazione delle minacce possono usare la metodologia del ""Misuse Detection""",VERO
M3 - UD4,Gli Intrusion Detection/Prevention,"Per la rilevazione delle minacce possono usare la metodologia del ""Deny Anomaly""",FALSO
M3 - UD4,I sistemi IT e OT differiscono (dal punto di vista dei fattori critici per la Cybesecurity),Per i fattori di rischio: perdita o manomissione di dati e informazioni per IT e business continuity e sicurezza fisica per l'OT,VERO
M3 - UD4,I sistemi IT e OT differiscono (dal punto di vista dei fattori critici per la Cybesecurity),Per le possibilità di intervento: senza grossi vincoli temporali per l'IT con grossi vincoli legati al continuità del processo per l'OT,VERO
M3 - UD4,I sistemi IT e OT differiscono (dal punto di vista dei fattori critici per la Cybesecurity),"Per le modalità e i tempi di risposta: non deterministiche-non real time per l'IT, deterministiche-real time per l'OT",VERO
M3 - UD4,I sistemi IT e OT differiscono (dal punto di vista dei fattori critici per la Cybesecurity),Per la tipologia dei sistemi operativi: standard di mercato per l'IT e prevalentemente non standard e real time per l'OT,VERO
M3 - UD4,I sistemi IT e OT differiscono (dal punto di vista dei fattori critici per la Cybesecurity),"Per le possibili conseguenze in caso di incidenti che nel caso dell'OT può portare, nel caso peggiore, alla perdita di dati",FALSO
M3 - UD4,I sistemi IT e OT differiscono (dal punto di vista dei fattori critici per la Cybesecurity),"Per il livello di disponibilità necessario: molto elevato per l'IT, più contenuto per l'OT",FALSO
M3 - UD4,"Il ""Contesto"" secondo ISO/IEC 27001",È inteso come l'insieme dei fattori interni ed esterni all'organizzazione che possono essere influenti nella sicurezza delle informazioni,VERO
M3 - UD4,"Il ""Contesto"" secondo ISO/IEC 27001",Elenca i fattori che influiscono sulla sicurezza delle informazioni e le parti interessate con le loro esigenze,VERO
M3 - UD4,"Il ""Contesto"" secondo ISO/IEC 27001","Può avere tra i fattori che influenzano la sicurezza la consapevolezza dei rischi, lo stato della tecnologia impiegata, il budget disponibile",VERO
M3 - UD4,"Il ""Contesto"" secondo ISO/IEC 27001",Ha tra i fattori determinanti la formazione delle persone nell'ambito della sicurezza delle informazioni ed informatica,VERO
M3 - UD4,"Il ""Contesto"" secondo ISO/IEC 27001",È inteso solamente come l'insieme dei fattori interni all'organizzazione che possono essere influenti nella sicurezza delle informazioni,FALSO
M3 - UD4,"Il ""Contesto"" secondo ISO/IEC 27001",E' inteso come l'insieme dei fattori interni ed esterni che possono essere influenti per solidità finanziaria dell'azienda,FALSO
M3 - UD4,Il Paradigma Operazionale,Prevede i seguenti elementi in ordine di importanza: Affidabilità -> Sicurezza Fisica -> Impatto sul Prodotto o sul Servizio,FALSO
M3 - UD4,Il Paradigma Operazionale,Prevede i seguenti elementi in ordine di importanza: Affidabilità -> Impatto sul Prodotto o sul Servizio -> Sicurezza Fisica,FALSO
M3 - UD4,Il Paradigma Operazionale,Prevede i seguenti elementi in ordine di importanza: Sicurezza Fisica -> Affidabilità -> Impatto sul Prodotto o sul Servizio,VERO
M3 - UD4,Il Paradigma Operazionale,Prevede un diverso ordine di importanza per i fattori CIA: Disponibilità (Accessibilità) -> Integrità -> Riservatezza,VERO
M3 - UD4,Il Paradigma Operazionale,Prevede un diverso ordine di importanza per i fattori CIA: Integrità -> Riservatezza -> Disponibilità (Accessibilità),FALSO
M3 - UD4,Il Paradigma Operazionale,Prevede un diverso ordine di importanza per i fattori CIA: Riservatezza -> Disponibilità (Accessibilità) -> Integrità,FALSO
M3 - UD4,Il Paradigma RID (Riservatezza-Integrità-Disponibilità),Identifica le priorità della cyber security relativamente all'Information Technology,VERO
M3 - UD4,Il Paradigma RID (Riservatezza-Integrità-Disponibilità),Identifica le priorità della cyber security relativamente all'Information Technology e dell'Operational Technology (l'Informatica Industriale),FALSO
M3 - UD4,Il Paradigma RID (Riservatezza-Integrità-Disponibilità),"Identifica, in ordine di importanza decrescente, i fattori Riservatezza, Integrità e Disponibilità/Accessibilità dei dati",VERO
M3 - UD4,Il Paradigma RID (Riservatezza-Integrità-Disponibilità),"Identifica, in ordine di importanza crescente, i fattori Riservatezza, Integrità e Disponibilità/Accessibilità dei dati",FALSO
M3 - UD4,Il Paradigma RID (Riservatezza-Integrità-Disponibilità),"Identifica, a parità di importanza, i fattori Riservatezza, Integrità e Disponibilità/Accessibilità dei dati",FALSO
M3 - UD4,Il Paradigma RID (Riservatezza-Integrità-Disponibilità),Considera la Riservatezza come la necessità di impedire l'accesso non autorizzato alle informazioni sensibili,VERO
M3 - UD4,Il posizionamento dello standard ISA/IEC 62443 nello stack ISA 95 (Purdue Model),È tra il livello 1 e il livello 2,FALSO
M3 - UD4,Il posizionamento dello standard ISA/IEC 62443 nello stack ISA 95 (Purdue Model),È tra il livello 0 e il livello 3,VERO
M3 - UD4,Il posizionamento dello standard ISA/IEC 62443 nello stack ISA 95 (Purdue Model),È tra il livello 2 e il livello 4,FALSO
M3 - UD4,Il posizionamento dello standard ISA/IEC 62443 nello stack ISA 95 (Purdue Model),È tra il livello 3 e il livello 4,FALSO
M3 - UD4,Il posizionamento dello standard ISA/IEC 62443 nello stack ISA 95 (Purdue Model),È tra il livello 0 e il livello 2,FALSO
M3 - UD4,Il posizionamento dello standard ISA/IEC 62443 nello stack ISA 95 (Purdue Model),È tra il livello 1 e il livello 5,FALSO
M3 - UD4,"Il requisito ""Supporto"" nell'implementazione di un Sistema di Gestione della SI secondo lo standard ISO 27001","Definisce che l'organizzazione deve mettere a disposizione le risorse necessarie per l'istituire, implementare, mantenere e continuare a migliorare l'SGSI",VERO
M3 - UD4,"Il requisito ""Supporto"" nell'implementazione di un Sistema di Gestione della SI secondo lo standard ISO 27001",Definisce che devono essere determinate le competenze necessarie delle persone che influenzano le prestazioni SGSI,VERO
M3 - UD4,"Il requisito ""Supporto"" nell'implementazione di un Sistema di Gestione della SI secondo lo standard ISO 27001","Definisce che è necessario garantire giusti livelli di competenza con adeguata istruzione, formazione, addestramento",VERO
M3 - UD4,"Il requisito ""Supporto"" nell'implementazione di un Sistema di Gestione della SI secondo lo standard ISO 27001","Definisce che coloro che operano in azienda debbono conoscere la policy di sicurezza, le loro responsabilità specifiche e le implicazioni derivanti dalla non rispetto delle regole",VERO
M3 - UD4,"Il requisito ""Supporto"" nell'implementazione di un Sistema di Gestione della SI secondo lo standard ISO 27001",Definisce i criteri da utilizzare per la comunicazione al solo management all'interno dell'azienda,FALSO
M3 - UD4,"Il requisito ""Supporto"" nell'implementazione di un Sistema di Gestione della SI secondo lo standard ISO 27001",Definisce le misure da adottare per acquisire le competenze in una prospettiva di minimizzazione dei costi di formazione,FALSO
M3 - UD4,Il Rischio Informatico,È il rischio di incorrere in perdite economico/finanziarie nonché di mettere a repentaglio la salute umana in seguito al verificarsi di eventi accidentali o di azioni dolose inerenti al sistema informatico,VERO
M3 - UD4,Il Rischio Informatico,"È il rischio di mettere a repentaglio il sistema informatico, relativamente all'infrastruttura tecnologica",FALSO
M3 - UD4,Il Rischio Informatico,Non è mai dovuto all'errore umano ma solo all'effetto di minacce informatiche come virus e malware,FALSO
M3 - UD4,Il Rischio Informatico,Può essere dovuto a errore umano che apre la strada a virus e malware,VERO
M3 - UD4,Il Rischio Informatico,Può essere dovuto ad un evento accidentale che compromette il sistema informativo,VERO
M3 - UD4,Il Rischio Informatico,Può essere dovuto ad una azione dolosa di terzi,VERO
M3 - UD4,Il Rischio Informatico nelle aziende industriali,Deve essere analizzato e ponderato in base alla criticità dei vari asset industriali,VERO
M3 - UD4,Il Rischio Informatico nelle aziende industriali,Deve prendere in considerazione anche il possibile impatto fisico e sulla salute umana,VERO
M3 - UD4,Il Rischio Informatico nelle aziende industriali,Ha a che fare anche con la business o service continuity,VERO
M3 - UD4,Il Rischio Informatico nelle aziende industriali,Si deve focalizzare solamente sugli aspetti legati alla perdita di dati o di informazioni,FALSO
M3 - UD4,Il Rischio Informatico nelle aziende industriali,E' relativo principalmente al reparto IT e al CED,FALSO
M3 - UD4,Il Rischio Informatico nelle aziende industriali,"Deve prendere in considerazione anche i sistemi informatici che non hanno standard ""office""",VERO
M3 - UD4,Il Rischio Informatico può essere valutato ,Con una formula costituita da Impatto (Inteso come danno possibile) / Probabilità,FALSO
M3 - UD4,Il Rischio Informatico può essere valutato ,Con una formula costituita da Impatto (Inteso come danno possibile) x Probabilità,VERO
M3 - UD4,Il Rischio Informatico può essere valutato ,Con una formula costituita da Impatto (Inteso come danno possibile) + Probabilità,FALSO
M3 - UD4,Il Rischio Informatico può essere valutato ,Con un valore numerico compreso tra un valore minimo e uno massimo in funzione delle sole classi uniformi del danno,FALSO
M3 - UD4,Il Rischio Informatico può essere valutato ,Con un valore numerico sempre compreso tra 1 (Rischio Molto Alto) e 4 (Rischio Molto Basso) in funzione dell’incertezza del rischio,FALSO
M3 - UD4,Il Rischio Informatico può essere valutato ,"Con un valore numerico che è funzione dell’incertezza e fa riferimento a classi omogenee di eventi dannosi, per natura e gravità",VERO
M3 - UD4,Il Rischio Informatico può essere valutato come (Variante),Impatto x Probabilità,VERO
M3 - UD4,Il Rischio Informatico può essere valutato come (Variante),Impatto elevato alla Probabilità,FALSO
M3 - UD4,Il Rischio Informatico può essere valutato come (Variante),Impatto x Frequenza,FALSO
M3 - UD4,Il Rischio Informatico può essere valutato come (Variante),Un numero compreso tra un valore minimo e uno massimo in funzione dell'incertezza del rischio,VERO
M3 - UD4,Il Rischio Informatico può essere valutato come (Variante),Un numero sempre compreso tra 1 (Rischio Molto Basso) e 4 (Rischio Molto Alto) in funzione dell'incertezza del rischio,FALSO
M3 - UD4,Il Rischio Informatico può essere valutato come (Variante),"Un numero che è funzione dell'incertezza e fa riferimento a classi omogenee di eventi, per natura e gravità",VERO
M3 - UD4,Il Rischio Informatico(VAR 2),È il rischio di incorrere in perdite economico/finanziarie o di mettere a repentaglio la salute umana in seguito al verificarsi di eventi accidentali o dolosi inerenti il sistema informatico,VERO
M3 - UD4,Il Rischio Informatico(VAR 2),È il rischio di incorrere primariamente in perdite economico/finanziarie in seguito al verificarsi di eventi dolosi inerenti il sistema informatico ,FALSO
M3 - UD4,Il Rischio Informatico(VAR 2), Ha tra le possibili cause l'errore umano che apre la strada a virus e malware ,VERO
M3 - UD4,Il Rischio Informatico(VAR 2),Ha tra le possibili cause un evento accidentale in grado di compromettere la funzionalità del sistema informativo ,VERO
M3 - UD4,Il Rischio Informatico(VAR 2),Ha tra le possibili cause l'azione dolosa di terzi ,VERO
M3 - UD4,Il Rischio Informatico(VAR 2),Non riguarda gli aspetti legati alla business continuity ,FALSO
M3 - UD4,Il Risk Appetite,Può essere tradotto come Propensione al Rischio,VERO
M3 - UD4,Il Risk Appetite,"Delimita inferiormente l'area dei rischi che devono essere assolutamente evitati o massimamente ridotti, mediante tutti gli strumenti disponibili (Area Rossa)",VERO
M3 - UD4,Il Risk Appetite,"Delimita superiormente l'area dei rischi che devono essere assolutamente evitati o massimamente ridotti, mediante tutti gli strumenti disponibili (Area Rossa)",FALSO
M3 - UD4,Il Risk Appetite,Delimita superiormente l'area dei rischi che devono essere monitorati e gestiti costantemente dall'azienda (Area Gialla),VERO
M3 - UD4,Il Risk Appetite,Indica il livello e il tipo di rischio che un'organizzazione è in grado di assumere coerentemente con gli obiettivi strategici perseguiti,VERO
M3 - UD4,Il Risk Appetite,Delimita l'area di rischio entro cui l'azienda desidera muoversi,VERO
M3 - UD4,Il SIEM,E' l'acronimo di Security Information and Event Management,VERO
M3 - UD4,Il SIEM,E' l'acronimo di Security Impact and Event Management,FALSO
M3 - UD4,Il SIEM,"È una soluzione software che, in tempo reale, provvede al monitoraggio e alla gestione degli eventi e delle informazioni che accadono all'interno della rete e sui vari sistemi di sicurezza fornendo una correlazione e aggregazione tra essi",VERO
M3 - UD4,Il SIEM,È una soluzione software che provvede alla visualizzazione e alla gestione degli eventi e delle informazioni che accadono all'interno della rete e sui vari sistemi di sicurezza fornendo una correlazione e aggregazione tra essi,FALSO
M3 - UD4,Il SIEM,Include le funzionalità offerte dai SIM (security information management) a quelle dei SEM (security event management),VERO
M3 - UD4,Il SIEM,"Ha come interfaccia una console centralizzata, preposta ad attività di monitoraggio, segnalazione e risposta automatica a determinati eventi",VERO
M3 - UD4,Il SIEM (Variante),E' l'acronimo di Security Impact and Event Management),FALSO
M3 - UD4,Il SIEM (Variante),E' l'acronimo di Security Integrated and Evaluation Management),FALSO
M3 - UD4,Il SIEM (Variante),"È una soluzione software che, in tempo reale, provvede al monitoraggio e alla gestione degli eventi e delle informazioni che accadono all'interno della rete e sui vari sistemi di sicurezza fornendo una correlazione e aggregazione tra essi",VERO
M3 - UD4,Il SIEM (Variante),È una soluzione software che provvede alla visualizzazione e alla gestione degli eventi e delle informazioni che accadono all'interno della rete e sui vari sistemi di sicurezza fornendo una correlazione e aggregazione tra essi,FALSO
M3 - UD4,Il SIEM (Variante),Include le funzionalità offerte dai SIM (security information management) a quelle dei SEM (security event management),VERO
M3 - UD4,Il SIEM (Variante),"Ha come interfaccia una console centralizzata, preposta ad attività di monitoraggio, segnalazione e risposta automatica a determinati eventi",VERO
M3 - UD4,L'Assessment del Rischio,Prevede una fase di identificazione che mira ad individuare le minacce esistenti e a stabilirne le caratteristiche,VERO
M3 - UD4,L'Assessment del Rischio,Può realizzare l'identificazione con un approccio cause -> effetti,VERO
M3 - UD4,L'Assessment del Rischio,Può realizzare l'identificazione con un approccio effetti -> cause,VERO
M3 - UD4,L'Assessment del Rischio,Può realizzare l'identificazione con un approccio probabilità -> impatto,FALSO
M3 - UD4,L'Assessment del Rischio,Prevede una fase di valutazione che mira alla determinazione dell'entità del rischio (probabilità-impatto),VERO
M3 - UD4,L'Assessment del Rischio,Prevede una fase di valutazione che viene espressa di solito in forma complessa utilizzabile mediante appositi strumenti,FALSO
M3 - UD4,L'Endpoint protection,Realizza il tunneling nella comunicazione dall'interno all'esterno dell'azienda,FALSO
M3 - UD4,L'Endpoint protection,Si riferisce alla protezione di qualsiasi dispositivo o connessione che abbia accesso alla rete aziendale,VERO
M3 - UD4,L'Endpoint protection,Può utilizzare tecniche di Machine Learning per rilevare le minacce zero-day,VERO
M3 - UD4,L'Endpoint protection,Realizza la protezione antimalware e antivirus,VERO
M3 - UD4,L'Endpoint protection,Non ha mai un firewall integrato,FALSO
M3 - UD4,L'Endpoint protection,"Può realizzare la Mobile security (cellulari, tablet e laptop)",VERO
M3 - UD4,La Tassonomia dei Rischi Organizzativi,E' una corretta mappatura della tipologia dei rischi che ne permette una prima identificazione,VERO
M3 - UD4,La Tassonomia dei Rischi Organizzativi,Permette una prima identificazione che richiede ulteriori approfondimenti e valutazioni,VERO
M3 - UD4,La Tassonomia dei Rischi Organizzativi,Definisce due macro raggruppamenti contenenti i rischi Interni ed Esterni all'organizzazione,VERO
M3 - UD4,La Tassonomia dei Rischi Organizzativi,Definisce un primo macro raggruppamento contenente i rischi Strategici e Operativi,FALSO
M3 - UD4,La Tassonomia dei Rischi Organizzativi,"Suddivide i rischi interni in: Strategici, Operativi e Finanziari",VERO
M3 - UD4,La Tassonomia dei Rischi Organizzativi,Inserisce il rischio IT tra i rischi stragecici,FALSO
M3 - UD4,La valutazione del Rischio,Viene effettuata facendo riferimento a classi omogenee per tipologia,VERO
M3 - UD4,La valutazione del Rischio,Viene effettuata da due prospettive: Impatto (o Gravità) e Probabilità,VERO
M3 - UD4,La valutazione del Rischio,Utilizza un indice numerico che è dato dal prodotto dell'Impatto moltiplicato la probabilità,VERO
M3 - UD4,La valutazione del Rischio,Di solito si associa a Probabilità e Impatto un valore numerico compreso tra 1 e 10,FALSO
M3 - UD4,La valutazione del Rischio,Si effettua solamente nell'ambito della sicurezza informatica,FALSO
M3 - UD4,La valutazione del Rischio,"Viene rappresentata graficamente con un diagramma multidimensionale (X,Y,Z) con gradazioni di colori differenti",FALSO
M3 - UD4,La VPN (Virtual Private Network),Si realizza attraverso un canale di comunicazione criptato creato per gestire la privacy nelle comunicazioni,VERO
M3 - UD4,La VPN (Virtual Private Network),Si realizza attraverso un canale di comunicazione criptato che può essere creato anche sopra una LAN aziendale,VERO
M3 - UD4,La VPN (Virtual Private Network),La criptazione fornisce garanzie che i pacchetti non contengano potenziali minacce rendendo il sistema intrinsecamente sicuro,FALSO
M3 - UD4,La VPN (Virtual Private Network),"Utilizza sempre e solo una tiplogia di protocollo di criptazione, il vero limite della tecnologia",FALSO
M3 - UD4,La VPN (Virtual Private Network),Può utilizzare il protocollo SSTP (Secure Socket Tunneling Protocol),VERO
M3 - UD4,La VPN (Virtual Private Network),Può utilizzare il protocollo di criptazione UDP,FALSO
M3 - UD4,Nell'evoluzione del paradigma CIA (RID) il principio di Non-Repudiation,Garantisce che un partecipante a un'azione o transazione digitale non possa negare in futuro il proprio intervento,VERO
M3 - UD4,Nell'evoluzione del paradigma CIA (RID) il principio di Non-Repudiation,"Utilizza le firme digitali, basate su tecniche crittografiche, come strumento chiave",VERO
M3 - UD4,Nell'evoluzione del paradigma CIA (RID) il principio di Non-Repudiation,Attraverso la registrazione dettagliata delle azioni e delle transazioni (audit trail) riceve prove tangibili l'intervento di una parte,VERO
M3 - UD4,Nell'evoluzione del paradigma CIA (RID) il principio di Non-Repudiation,"Mediante il timestamping, ovvero la registrazione dell'ora esatta di un evento, impedisce a una parte di negare la tempistica di un'azione",VERO
M3 - UD4,Nell'evoluzione del paradigma CIA (RID) il principio di Non-Repudiation,Non può mai avere validità legale essendo comunque un principio non rigoroso,FALSO
M3 - UD4,Nell'evoluzione del paradigma CIA (RID) il principio di Non-Repudiation,Anche se unito al fattore di Authentication non riduce l'importanza del fattore di Riservatezza,FALSO
M3 - UD4,Per valutare il Rischio di Cybersecurity,"E' necessario in prima istanza identificare le risorse critiche (dati sensibili, hardware, software, reti e sistemi). ",VERO
M3 - UD4,Per valutare il Rischio di Cybersecurity,E' necessario identificare e aggiornare le possibili minacce le vulnerabilità ,VERO
M3 - UD4,Per valutare il Rischio di Cybersecurity,E' necessario determinare la probabilità di un possibile evento di cybersecurity,VERO
M3 - UD4,Per valutare il Rischio di Cybersecurity,E' necessario determinare l'entità dell'impatto di un determinato evento di cybersecurity ,VERO
M3 - UD4,Per valutare il Rischio di Cybersecurity,"E' necessario valutare solamente le risorse tecnologiche (reti, dispositivi e sistemi)",FALSO
M3 - UD4,Per valutare il Rischio di Cybersecurity,E' necessario valutare l'impatto delle possibili minacce solamente per i danni diretti che possono subire i sistemi informativi,FALSO
M3 - UD4,Perché è necessario analizzare il rischio?,L'analisi del rischio può concretamente aiutare l'azienda a identificare l'impatto dei pericoli sulle risorse aziendali,VERO
M3 - UD4,Perché è necessario analizzare il rischio?,L'analisi del rischio permette in ultimo di eliminare completamente l'impatto dei pericoli in tutti i comparti aziendali,FALSO
M3 - UD4,Perché è necessario analizzare il rischio?,L'analisi del rischio permette di mettere in atto le misure al fine di mitigare gli effetti di questo rischio sulle proprie risorse,VERO
M3 - UD4,Perché è necessario analizzare il rischio?,L'analisi del rischio permette di individuare il livello massimo di rischio che un'organizzazione è in grado di sopportare per raggiungere i propri obiettivi strategici,VERO
M3 - UD4,Perché è necessario analizzare il rischio?,"Una volta analizzato, identificato e opportunamente valutato è possibile gestire il rischio correttamente",VERO
M3 - UD4,Perché è necessario analizzare il rischio?,L'analisi del rischio è uno strumento molto focalizzato sugli aspetti finanziari ed amministrativi,FALSO
M3 - UD4,Perché il modello RID (Riservatezza-Integrità-Disponibilità) non va bene per i sistemi operazionali OT?,Perché la Riservatezza è parzialmente rilevante,VERO
M3 - UD4,Perché il modello RID (Riservatezza-Integrità-Disponibilità) non va bene per i sistemi operazionali OT?,Perché la Riservatezza non è assolutamente rilevante,FALSO
M3 - UD4,Perché il modello RID (Riservatezza-Integrità-Disponibilità) non va bene per i sistemi operazionali OT?,L'integrità è significativa se è associata alla capacità di mantenere attivo il controllo sul processo,VERO
M3 - UD4,Perché il modello RID (Riservatezza-Integrità-Disponibilità) non va bene per i sistemi operazionali OT?,Perché la disponibilità è un fattore rilevante se la si considera dal punto di vista dell'impatto sulla business continuity,VERO
M3 - UD4,Perché il modello RID (Riservatezza-Integrità-Disponibilità) non va bene per i sistemi operazionali OT?,"Perché esistono parametri più rilevanti, quali il Safety (Sicurezza Fisica) o la Reliability (Affidabilità)",VERO
M3 - UD4,Perché il modello RID (Riservatezza-Integrità-Disponibilità) non va bene per i sistemi operazionali OT?,"Perché esistono parametri più rilevanti, quali l'Accountability",FALSO
M3 - UD4,Perché la leadership aziendale è fondamentale per la definizione di un SGSI secondo ISO 27001,Perché altrimenti possono non essere garantiti gli investimenti necessari per la sua realizzazione,VERO
M3 - UD4,Perché la leadership aziendale è fondamentale per la definizione di un SGSI secondo ISO 27001,"Perché senza il benestare chiaro, motivato e comunicato della leadership aziendale non si riuscirà a coinvolgere efficacemente tutto il personale aziendale",VERO
M3 - UD4,Perché la leadership aziendale è fondamentale per la definizione di un SGSI secondo ISO 27001,"Perché altrimenti non si riusciranno a portare a termine i cambiamenti nelle politiche, nei processi e nelle procedure necessari",VERO
M3 - UD4,Perché la leadership aziendale è fondamentale per la definizione di un SGSI secondo ISO 27001,Perché solo una leadership consapevole può capire sino in fondo l'impatto possibile della sicurezza informatica con il funzionamento dell'organizzazione,VERO
M3 - UD4,Perché la leadership aziendale è fondamentale per la definizione di un SGSI secondo ISO 27001,Così è chiara la responsabilità in caso di cattivo funzionamento del sistema di gestione,FALSO
M3 - UD4,Perché la leadership aziendale è fondamentale per la definizione di un SGSI secondo ISO 27001,Così è possibile creare nuove figure e ruoli che altrimenti sarebbe impossibile definire,VERO
M3 - UD4,Qual è lo scopo principale del machine learning?,Eliminare completamente l'intervento umano,FALSO
M3 - UD4,Qual è lo scopo principale del machine learning?,Costruire robot fisici,FALSO
M3 - UD4,Qual è lo scopo principale del machine learning?,Simulare solo il linguaggio umano,FALSO
M3 - UD4,Qual è lo scopo principale del machine learning?,Apprendere automaticamente dai dati senza programmazione esplicita,VERO
M3 - UD4,Qual è lo scopo principale del machine learning?,Sostituire del tutto le infrastrutture informatiche aziendali,FALSO
M3 - UD4,Qual è lo scopo principale del machine learning?,Azzerare i costi di manutenzione hardware e software,FALSO
M3 - UD4,Quale dei seguenti rappresenta un rischio dell'intelligenza artificiale?,Miglioramento dell'efficienza,FALSO
M3 - UD4,Quale dei seguenti rappresenta un rischio dell'intelligenza artificiale?,Bias e discriminazione nei risultati,VERO
M3 - UD4,Quale dei seguenti rappresenta un rischio dell'intelligenza artificiale?,Riduzione dei costi,FALSO
M3 - UD4,Quale dei seguenti rappresenta un rischio dell'intelligenza artificiale?,Aumento della capacità di calcolo,FALSO
M3 - UD4,Quale dei seguenti rappresenta un rischio dell'intelligenza artificiale?,Automatizzazione dei processi decisionali senza errori,FALSO
M3 - UD4,Quale dei seguenti rappresenta un rischio dell'intelligenza artificiale?,Garanzia assoluta della riservatezza dei dati trattati,FALSO
M3 - UD4,Quale tra le seguenti è una caratteristica dei Large Language Models (LLM)?,Generano testo basandosi sulla probabilità delle parole,VERO
M3 - UD4,Quale tra le seguenti è una caratteristica dei Large Language Models (LLM)?,Sono utilizzati solo nella robotica,FALSO
M3 - UD4,Quale tra le seguenti è una caratteristica dei Large Language Models (LLM)?,Elaborano solo dati numerici,FALSO
M3 - UD4,Quale tra le seguenti è una caratteristica dei Large Language Models (LLM)?,Funzionano senza reti neurali,FALSO
M3 - UD4,Quale tra le seguenti è una caratteristica dei Large Language Models (LLM)?,Richiedono esclusivamente input in formato binario non testuale,FALSO
M3 - UD4,Quale tra le seguenti è una caratteristica dei Large Language Models (LLM)?,Operano senza memorizzare parametri durante l’addestramento,FALSO
M3 - UD4,Quali dei seguenti elementi sono fondamentali per la realizzazione di un Sistema di Gestione della Cybersecurity,"Capire il contesto dell'organizzazione, i valori, i rischi e le aspettative delle parti interessate per definire gli obiettivi",VERO
M3 - UD4,Quali dei seguenti elementi sono fondamentali per la realizzazione di un Sistema di Gestione della Cybersecurity,Capire la predisposizione dell'organizzazione dal top management cercando di spuntare un budget di spesa più elevato possibile,FALSO
M3 - UD4,Quali dei seguenti elementi sono fondamentali per la realizzazione di un Sistema di Gestione della Cybersecurity,Capire e cercare di focalizzare l'impegno della leadership per perseguire una adeguata politica e gli obiettivi del sistema di gestione,VERO
M3 - UD4,Quali dei seguenti elementi sono fondamentali per la realizzazione di un Sistema di Gestione della Cybersecurity,"Definire i ruoli, le responsabilità e le autorità competenti di cybersecurity in azienda",VERO
M3 - UD4,Quali dei seguenti elementi sono fondamentali per la realizzazione di un Sistema di Gestione della Cybersecurity,Definizione delle azioni necessarie per affrontare rischi relativi al sistema informativo cercando di sfruttare le opportunità che si possono presentare,VERO
M3 - UD4,Quali dei seguenti elementi sono fondamentali per la realizzazione di un Sistema di Gestione della Cybersecurity,Valutare saltuariamente le prestazioni del sistema di gestione,FALSO
M3 - UD4,Quali dei seguenti possono essere indicatori chiave del rischio informatico (KRI)?,Numero di attività critiche con vulnerabilità note,VERO
M3 - UD4,Quali dei seguenti possono essere indicatori chiave del rischio informatico (KRI)?,Vulnerabilità interne vs. vulnerabilità esterne,VERO
M3 - UD4,Quali dei seguenti possono essere indicatori chiave del rischio informatico (KRI)?,Tempo medio di rilascio del prodotto,FALSO
M3 - UD4,Quali dei seguenti possono essere indicatori chiave del rischio informatico (KRI)?,Tempo medio di interruzione a seguito di un attacco,VERO
M3 - UD4,Quali dei seguenti possono essere indicatori chiave del rischio informatico (KRI)?,Numero di giorni per disattivare le credenziali degli ex dipendenti,VERO
M3 - UD4,Quali dei seguenti possono essere indicatori chiave del rischio informatico (KRI)?,Soddisfazione media del servizio IT,FALSO
M3 - UD4,Quali dei seguenti requisiti ISO 27001 possono rappresentare la fase PLAN del ciclo PDCA,Contesto,VERO
M3 - UD4,Quali dei seguenti requisiti ISO 27001 possono rappresentare la fase PLAN del ciclo PDCA,Leadership,VERO
M3 - UD4,Quali dei seguenti requisiti ISO 27001 possono rappresentare la fase PLAN del ciclo PDCA,Pianificazione,VERO
M3 - UD4,Quali dei seguenti requisiti ISO 27001 possono rappresentare la fase PLAN del ciclo PDCA,Supporto,VERO
M3 - UD4,Quali dei seguenti requisiti ISO 27001 possono rappresentare la fase PLAN del ciclo PDCA,Attività Operative,FALSO
M3 - UD4,Quali dei seguenti requisiti ISO 27001 possono rappresentare la fase PLAN del ciclo PDCA,Valutazione delle Prestazioni,FALSO
M3 - UD4,Quali delle seguenti funzioni può gestire un SIEM ,Raccogliere i Log ,VERO
M3 - UD4,Quali delle seguenti funzioni può gestire un SIEM ,Correlare gli eventi  ,VERO
M3 - UD4,Quali delle seguenti funzioni può gestire un SIEM ,Monitorare gli utenti,VERO
M3 - UD4,Quali delle seguenti funzioni può gestire un SIEM ,Effettuare segnalazioni di sicurezza in tempo reale  ,VERO
M3 - UD4,Quali delle seguenti funzioni può gestire un SIEM ,Gestire un cruscotto centralizzato ,VERO
M3 - UD4,Quali delle seguenti funzioni può gestire un SIEM ,Effettuare segnalazioni di sicurezza ma non in tempo reale,FALSO
M3 - UD4,Quali sono le funzioni di un SIEM (Security Information and Event Management)? ,Ridurre l'impatto del rumore sulla grande quantità di dati consentendo maggiore visibilità degli eventi,VERO
M3 - UD4,Quali sono le funzioni di un SIEM (Security Information and Event Management)? ,Fornire un'unica interfaccia per la notifica delle informazioni e degli eventi di sicurezza per i vari dispositivi e sistemi presenti nella rete,VERO
M3 - UD4,Quali sono le funzioni di un SIEM (Security Information and Event Management)? ,Fornire un'interfaccia per informazioni ed eventi di cybersecurity ad un SOC (Security Operation Center),VERO
M3 - UD4,Quali sono le funzioni di un SIEM (Security Information and Event Management)? ,"Bloccare, senza l'uso di altri dispositivi, la comunicazione tra nodi in caso di situazioni anomale",FALSO
M3 - UD4,Quali sono le funzioni di un SIEM (Security Information and Event Management)? ,Allertare i responsabili della sicurezza quando vengono individuate situazioni anomale,VERO
M3 - UD4,Quali sono le funzioni di un SIEM (Security Information and Event Management)? ,Definire il percorso più sicuro per la comunicazione tra due nodi in rete ,FALSO
M3 - UD4,Requisiti ISO 27001 e ciclo PDCA,Possono essere associati per creare un ciclo virtuoso di miglioramento continuo dell'ISMS,VERO
M3 - UD4,Requisiti ISO 27001 e ciclo PDCA,Sono associati prevalentemente per rappresentazione graficamente i requisiti,FALSO
M3 - UD4,Requisiti ISO 27001 e ciclo PDCA,Permettono di raggruppare ed associare le aree tematiche dei requisiti a fasi specifiche e definite,VERO
M3 - UD4,Requisiti ISO 27001 e ciclo PDCA,"Si associano per costruire un sistema di gestione adattabile, in grado di proteggere le informazioni aziendali ai cambiamenti.",VERO
M3 - UD4,Requisiti ISO 27001 e ciclo PDCA,"Associano alla fase Plan la comprensione del contesto dell'organizzazione, della leadership, la pianificazione e gli elementi di supporto",VERO
M3 - UD4,Requisiti ISO 27001 e ciclo PDCA,Associano alla fase Do la valutazione delle prestazioni del sistema,FALSO
M3 - UD4,Si parla di Convergenza IT-OT,"Per identificare il tentativo di ridurre il GAP organizzativo, tecnologico e culturale tra l'IT e l'OT.",VERO
M3 - UD4,Si parla di Convergenza IT-OT,Nelle organizzazioni in cui è necessaria una integrazione informatica tra il governo dell'azienda e la produzione,VERO
M3 - UD4,Si parla di Convergenza IT-OT,Solamente nei casi in cui la tecnologia informatica (IT) è equivalente a quella operazionale (OT),FALSO
M3 - UD4,Si parla di Convergenza IT-OT,Nei casi in cui non esiste un reparto che gestisce la tecnologia OT,FALSO
M3 - UD4,Si parla di Convergenza IT-OT,Nei casi in cui non esiste un reparto che gestisce la tecnologia IT,FALSO
M3 - UD4,Si parla di Convergenza IT-OT,Solamente nelle aziende che producono prodotti informatici,FALSO
M3 - UD4,Un sistema di Anomaly Detection,Permette di trovare e correggere gli incidenti non appena iniziano a verificarsi e prima che possano causare danno per l'organizzazione,VERO
M3 - UD4,Un sistema di Anomaly Detection,Permette di trovare e correggere gli incidenti dopo che si sono verificati in modo da minimizzare i danni all'organizzazione,FALSO
M3 - UD4,Un sistema di Anomaly Detection,"Utilizza un approccio di Machine Learning per monitorare l'insieme dei dati, apprendere il comportamento di ogni dispositivo e fornire avvisi puntuali sugli errori critici",VERO
M3 - UD4,Un sistema di Anomaly Detection,Utilizza un approccio con logiche algoritmiche tradizionali basate su modelli predefiniti,FALSO
M3 - UD4,Un sistema di Anomaly Detection,"Realizza il ""deep packed inspection""",VERO
M3 - UD4,Un sistema di Anomaly Detection,"Definisce la ""Baseline"" ovvero la ""conoscenza o linea di base"" di quella specifica architettura di rete",VERO
M3 - UD4,VPN,È l'acronimo di Virtual Private Network,VERO
M3 - UD4,VPN,È l'acronimo di Verified Private Network,FALSO
M3 - UD4,VPN,È una tecnologia che si realizza attraverso un canale di comunicazione criptato (o tunnel VPN),VERO
M3 - UD4,VPN,Consente di creare una rete privata virtuale,VERO
M3 - UD4,VPN,Per il suo funzionamento può usare i protocolli IPSec (Internet Protocol Security),VERO
M3 - UD4,VPN,Per il suo funzionamento può usare i protocolli Modbus,FALSO
